{"stats":{"minecraft:crafted":{"exnihilosequentia:mesh_iron":3,"akashictome:tome":1,"minecraft:furnace":3,"mana-and-artifice:wand":1,"minecraft:iron_axe":1,"minecraft:chest":5,"minecraft:netherite_scrap":24,"exnihilosequentia:hammer_stone":12,"exnihilosequentia:mesh_flint":5,"excompressum:compressed_hammer_stone":1,"exnihilosequentia:crook_wood":5,"minecraft:air":1833,"exnihilosequentia:mesh_string":7,"exnihilosequentia:cooked_silkworm":198,"minecraft:charcoal":3,"minecraft:stick":8,"minecraft:iron_ingot":53,"minecraft:iron_pickaxe":1,"minecraft:gold_ingot":34},"minecraft:custom":{"minecraft:interact_with_crafting_table":67,"minecraft:time_since_death":33180,"minecraft:sprint_one_cm":138707,"minecraft:walk_one_cm":199032,"minecraft:drop":152,"minecraft:deaths":4,"minecraft:sneak_time":12878,"minecraft:walk_under_water_one_cm":4891,"minecraft:jump":520,"minecraft:walk_on_water_one_cm":1484,"minecraft:interact_with_furnace":66,"minecraft:play_one_minute":181236,"minecraft:sleep_in_bed":4,"minecraft:time_since_rest":33205,"tramplestopper:farmland_saved":1,"minecraft:damage_taken":1970,"minecraft:damage_dealt":245,"minecraft:fly_one_cm":46497,"minecraft:open_chest":413,"minecraft:crouch_one_cm":31338,"minecraft:fall_one_cm":19543},"minecraft:picked_up":{"minecraft:cocoa_beans":2,"exnihilosequentia:piece_uranium":111,"exnihilosequentia:mesh_flint":25,"minecraft:wooden_pickaxe":1,"exnihilosequentia:piece_nickel":83,"exnihilosequentia:piece_silver":85,"alltheores:platinum_ingot":2,"minecraft:string":1920,"exnihilosequentia:dust":1,"exnihilosequentia:pebble_diorite":2,"comforts:sleeping_bag_white":1,"excompressum:compressed_hammer_stone":1,"minecraft:cobblestone_slab":36,"minecraft:chest":1,"minecraft:furnace":1,"exnihilosequentia:piece_lead":86,"exnihilosequentia:sieve":28,"minecraft:dark_oak_sapling":10,"minecraft:stick":55,"alltheores:copper_ingot":2,"jaopca:exnihilosequentia_pieces.azure_silver":98,"mana-and-artifice:vinteum_dust":7,"exnihilosequentia:barrel_wood":1,"exnihilosequentia:piece_copper":98,"minecraft:beetroot_seeds":2,"ars_nouveau:worn_notebook":1,"exnihilosequentia:pebble_blackstone":4,"minecraft:cobblestone":33,"exnihilosequentia:piece_gold":113,"exnihilosequentia:piece_aluminum":102,"minecraft:flint":835,"exnihilosequentia:piece_tin":87,"minecraft:oak_log":124,"botania:pebble":813,"minecraft:lapis_lazuli":87,"minecraft:dirt":70,"jaopca:exnihilosequentia_pieces.netherite_scrap":74,"minecraft:apple":5,"minecraft:wheat_seeds":4,"exnihilosequentia:pebble_granite":2,"minecraft:iron_ingot":38,"exnihilosequentia:piece_platinum":89,"storagedrawers:oak_full_drawers_1":1,"exnihilosequentia:mesh_string":4,"minecraft:oak_slab":2,"exnihilosequentia:mesh_iron":4,"minecraft:gravel":2010,"exnihilosequentia:pebble_andesite":3,"minecraft:sand":58,"minecraft:spruce_sapling":4,"minecraft:white_bed":2,"exnihilosequentia:cooked_silkworm":103,"minecraft:dark_oak_log":48,"exnihilosequentia:piece_zinc":73,"exnihilosequentia:silkworm":538,"jaopca:exnihilosequentia_pieces.cobalt":91,"minecraft:pumpkin_seeds":1,"exnihilosequentia:pebble_basalt":3,"minecraft:stone_axe":1,"minecraft:bone_meal":1,"exnihilosequentia:pebble_stone":15,"minecraft:oak_sapling":25,"minecraft:melon_seeds":2,"exnihilosequentia:piece_iron":167,"jaopca:exnihilosequentia_pieces.crimson_iron":74,"minecraft:coal":230},"minecraft:used":{"exnihilosequentia:hammer_stone":1684,"xreliquary:pedestals/passive/red_passive_pedestal":1,"minecraft:chest":10,"excompressum:compressed_hammer_stone":131,"minecraft:dirt":7,"exnihilosequentia:cooked_silkworm":53,"minecraft:iron_axe":17,"exnihilosequentia:crook_wood":483,"minecraft:oak_sapling":8,"minecraft:furnace":5,"tombstone:gift":1,"comforts:sleeping_bag_white":1,"minecraft:dark_oak_sapling":16,"minecraft:wheat_seeds":1,"minecraft:stone_pickaxe":17,"minecraft:cobblestone_slab":296,"minecraft:sand":1,"minecraft:white_bed":3,"exnihilosequentia:barrel_wood":1,"ceramics:cracked_clay_bucket":1,"ceramics:clay_bucket":1,"minecraft:apple":2,"minecraft:string":12,"minecraft:spruce_sapling":5,"minecraft:gravel":95,"exnihilosequentia:sieve":28,"minecraft:stone_axe":188,"minecraft:cobblestone":652,"exnihilosequentia:silkworm":35,"exnihilosequentia:crook_granite":116},"minecraft:killed_by":{"minecraft:player":1},"minecraft:dropped":{"excompressum:compressed_hammer_stone":1,"minecraft:iron_ingot":34,"minecraft:lapis_lazuli":4,"exnihilosequentia:piece_uranium":14,"minecraft:cobblestone":1349,"minecraft:apple":3,"minecraft:coal":26,"storagedrawers:oak_full_drawers_1":1,"exnihilosequentia:piece_tin":7,"exnihilosequentia:mesh_flint":1,"exnihilosequentia:piece_platinum":7,"jaopca:exnihilosequentia_pieces.crimson_iron":10,"exnihilosequentia:piece_iron":22,"exnihilosequentia:dust":1,"minecraft:sand":57,"exnihilosequentia:cooked_silkworm":135,"minecraft:iron_pickaxe":1,"alltheores:platinum_ingot":2,"minecraft:string":436,"exnihilosequentia:piece_nickel":13,"ftbquests:book":1,"exnihilosequentia:piece_silver":9,"minecraft:spruce_sapling":4,"jaopca:exnihilosequentia_pieces.cobalt":8,"exnihilosequentia:piece_zinc":8,"mana-and-artifice:vinteum_dust":1,"minecraft:gravel":550,"jaopca:exnihilosequentia_pieces.netherite_scrap":11,"exnihilosequentia:hammer_stone":3,"minecraft:stone_axe":1,"exnihilosequentia:chunk_iron":1,"minecraft:player_head":12,"exnihilosequentia:mesh_iron":1,"botania:pebble":135,"minecraft:cocoa_beans":1,"alltheores:copper_ingot":2,"exnihilosequentia:silkworm":42,"jaopca:exnihilosequentia_pieces.azure_silver":11,"exnihilosequentia:piece_aluminum":14,"exnihilosequentia:pebble_granite":1,"minecraft:shears":1,"exnihilosequentia:crook_granite":2,"exnihilosequentia:piece_gold":15,"minecraft:melon_seeds":1,"minecraft:oak_sapling":2,"minecraft:wooden_pickaxe":1,"exnihilosequentia:piece_copper":10,"exnihilosequentia:piece_lead":11,"exnihilosequentia:crook_wood":7,"waterstrainer:strainer_survivalist":1},"minecraft:broken":{"exnihilosequentia:crook_wood":2,"exnihilosequentia:hammer_stone":4,"minecraft:stone_axe":1,"excompressum:compressed_hammer_stone":1},"minecraft:mined":{"minecraft:white_bed":1,"minecraft:oak_sapling":1,"xreliquary:pedestals/passive/red_passive_pedestal":1,"minecraft:dark_oak_log":123,"minecraft:furnace":1,"minecraft:spruce_sapling":4,"exnihilosequentia:sieve":28,"minecraft:cobblestone_slab":16,"minecraft:tripwire":16,"exnihilosequentia:infesting_leaves":2,"minecraft:cobblestone":1747,"minecraft:oak_log":41,"minecraft:dirt":2,"minecraft:gravel":154,"minecraft:sand":2,"exnihilosequentia:infested_leaves":648,"minecraft:oak_leaves":46}},"DataVersion":2586}