{"stats":{"minecraft:mined":{"minecraft:spruce_planks":9,"minecraft:snow_block":123,"minecraft:smoker":2,"minecraft:powder_snow":14,"minecraft:crafting_table":3,"perfectplushies:cat_plushie":1,"perfectplushies:dumbo_blob_plushie":2,"minecraft:blast_furnace":2,"minecraft:grass_block":3,"minecraft:cobblestone":38,"minecraft:grindstone":4,"minecraft:spruce_leaves":1,"minecraft:composter":2,"minecraft:large_fern":6,"minecraft:furnace":4,"minecraft:snow":16,"minecraft:spruce_log":595,"minecraft:fletching_table":4,"minecraft:grass":5,"minecraft:coal_ore":14,"minecraft:vine":2,"minecraft:dirt_path":4,"minecraft:gravel":88,"minecraft:dirt":11,"minecraft:stone":42,"minecraft:fern":1},"minecraft:used":{"minecraft:moss_carpet":4,"minecraft:iron_shovel":217,"minecraft:stone_shovel":26,"perfectplushies:doe_plushie":1,"minecraft:stone_pickaxe":55,"minecraft:poppy":2,"minecraft:spruce_planks":10,"minecraft:chest":2,"minecraft:wooden_pickaxe":9,"minecraft:iron_sword":4,"minecraft:composter":3,"minecraft:fletching_table":8,"minecraft:torch":20,"minecraft:dirt":15,"minecraft:crafting_table":4,"minecraft:red_bed":2,"minecraft:blast_furnace":2,"perfectplushies:cat_plushie":1,"minecraft:snowball":13,"minecraft:smoker":2,"minecraft:wooden_axe":37,"minecraft:iron_axe":560,"minecraft:bread":10,"minecraft:iron_pickaxe":43,"minecraft:spruce_trapdoor":13,"minecraft:spruce_sapling":20,"minecraft:stone_axe":109,"minecraft:cobblestone":39,"minecraft:chainmail_boots":1,"perfectplushies:dumbo_blob_plushie":3,"minecraft:furnace":3,"minecraft:grindstone":5},"minecraft:killed":{"minecraft:iron_golem":3,"creeperoverhaul:snowy_creeper":1,"minecraft:villager":1},"minecraft:crafted":{"minecraft:stone_shovel":1,"minecraft:emerald":141,"minecraft:crafting_table":1,"minecraft:spruce_planks":2188,"minecraft:wooden_pickaxe":1,"minecraft:iron_sword":1,"minecraft:fletching_table":4,"minecraft:stone_axe":1,"minecraft:bread":96,"minecraft:air":0,"minecraft:apple":64,"minecraft:spruce_trapdoor":14,"minecraft:iron_chestplate":11,"minecraft:iron_axe":3,"minecraft:stick":4216,"minecraft:chainmail_boots":2,"minecraft:stone_pickaxe":2,"minecraft:wooden_axe":1,"minecraft:stone_sword":1,"minecraft:chest":2,"minecraft:iron_shovel":1,"minecraft:torch":36},"minecraft:picked_up":{"minecraft:iron_chestplate":1,"minecraft:crafting_table":3,"perfectplushies:dumbo_blob_plushie":2,"minecraft:smoker":2,"minecraft:potato":1,"minecraft:flint":8,"minecraft:lantern":1,"minecraft:blue_bed":1,"minecraft:dirt":15,"minecraft:moss_carpet":4,"minecraft:raw_copper":38,"minecraft:wheat_seeds":1,"minecraft:spruce_planks":7,"minecraft:grindstone":4,"minecraft:iron_ingot":32,"minecraft:poppy":3,"minecraft:fletching_table":4,"minecraft:furnace":4,"minecraft:stick":180,"minecraft:composter":2,"minecraft:torch":1,"minecraft:gravel":78,"minecraft:spruce_sapling":274,"minecraft:blast_furnace":2,"minecraft:white_bed":1,"minecraft:spruce_log":584,"perfectplushies:cat_plushie":1,"minecraft:coal":43,"minecraft:snowball":506,"minecraft:cobblestone":83},"minecraft:dropped":{"minecraft:gravel":78,"minecraft:bread":38,"minecraft:wheat_seeds":1,"minecraft:cobblestone":3,"minecraft:stick":16,"minecraft:poppy":1,"minecraft:iron_chestplate":11,"minecraft:wooden_axe":1,"minecraft:snowball":493,"minecraft:chainmail_boots":1,"minecraft:spruce_log":17,"minecraft:iron_axe":1,"minecraft:wooden_pickaxe":1,"minecraft:stone_pickaxe":1,"minecraft:iron_pickaxe":1,"minecraft:spruce_sapling":64},"minecraft:custom":{"minecraft:mob_kills":5,"minecraft:traded_with_villager":186,"minecraft:interact_with_crafting_table":19,"minecraft:open_barrel":3,"minecraft:time_since_death":59905,"minecraft:sleep_in_bed":3,"minecraft:climb_one_cm":214,"minecraft:time_since_rest":10517,"minecraft:sprint_one_cm":117918,"minecraft:damage_taken":274,"minecraft:walk_one_cm":258992,"minecraft:drop":60,"minecraft:damage_dealt":3144,"minecraft:talked_to_villager":69,"minecraft:fly_one_cm":119576,"minecraft:open_chest":44,"minecraft:crouch_one_cm":8196,"minecraft:play_time":59905,"minecraft:sneak_time":3613,"minecraft:jump":732,"minecraft:walk_on_water_one_cm":3630,"minecraft:total_world_time":59905,"minecraft:fall_one_cm":17799},"minecraft:broken":{"minecraft:iron_axe":2,"minecraft:stone_axe":1}},"DataVersion":3465}