{"stats":{"minecraft:crafted":{"excompressum:compressed_hammer_stone":1,"exnihilosequentia:crook_wood":1,"minecraft:furnace":3,"mana-and-artifice:wand":1,"minecraft:air":423,"exnihilosequentia:mesh_string":2,"minecraft:charcoal":3,"minecraft:stick":8,"minecraft:chest":1,"exnihilosequentia:hammer_stone":11,"exnihilosequentia:mesh_flint":2},"minecraft:custom":{"minecraft:interact_with_furnace":3,"minecraft:interact_with_crafting_table":32,"minecraft:play_one_minute":73236,"minecraft:time_since_death":18067,"minecraft:sleep_in_bed":2,"minecraft:time_since_rest":18105,"minecraft:sprint_one_cm":29456,"minecraft:damage_taken":815,"minecraft:walk_one_cm":65169,"minecraft:drop":55,"minecraft:damage_dealt":30,"minecraft:fly_one_cm":14667,"minecraft:open_chest":148,"minecraft:crouch_one_cm":18081,"minecraft:deaths":3,"minecraft:sneak_time":8242,"minecraft:walk_under_water_one_cm":4891,"minecraft:jump":167,"minecraft:walk_on_water_one_cm":556,"minecraft:fall_one_cm":3779},"minecraft:picked_up":{"minecraft:cocoa_beans":2,"exnihilosequentia:piece_uranium":3,"exnihilosequentia:mesh_flint":3,"exnihilosequentia:piece_nickel":2,"minecraft:wooden_pickaxe":1,"exnihilosequentia:piece_aluminum":5,"exnihilosequentia:piece_silver":3,"exnihilosequentia:piece_tin":3,"minecraft:flint":38,"minecraft:oak_log":20,"minecraft:lapis_lazuli":2,"botania:pebble":358,"minecraft:string":210,"minecraft:dirt":13,"exnihilosequentia:dust":1,"jaopca:exnihilosequentia_pieces.netherite_scrap":2,"minecraft:apple":1,"exnihilosequentia:pebble_diorite":2,"minecraft:wheat_seeds":4,"comforts:sleeping_bag_white":1,"exnihilosequentia:pebble_granite":2,"exnihilosequentia:piece_platinum":4,"excompressum:compressed_hammer_stone":1,"minecraft:cobblestone_slab":36,"storagedrawers:oak_full_drawers_1":1,"exnihilosequentia:piece_lead":3,"minecraft:dark_oak_sapling":6,"exnihilosequentia:sieve":3,"exnihilosequentia:mesh_string":4,"minecraft:oak_slab":2,"minecraft:stick":17,"jaopca:exnihilosequentia_pieces.azure_silver":1,"mana-and-artifice:vinteum_dust":5,"minecraft:gravel":194,"minecraft:sand":57,"exnihilosequentia:pebble_andesite":3,"minecraft:spruce_sapling":4,"minecraft:white_bed":1,"exnihilosequentia:piece_zinc":3,"minecraft:dark_oak_log":48,"exnihilosequentia:silkworm":62,"exnihilosequentia:barrel_wood":1,"jaopca:exnihilosequentia_pieces.cobalt":2,"exnihilosequentia:piece_copper":3,"minecraft:pumpkin_seeds":1,"exnihilosequentia:pebble_basalt":3,"minecraft:beetroot_seeds":2,"ars_nouveau:worn_notebook":1,"exnihilosequentia:piece_iron":6,"minecraft:bone_meal":1,"jaopca:exnihilosequentia_pieces.crimson_iron":3,"minecraft:coal":5,"exnihilosequentia:pebble_stone":15,"minecraft:oak_sapling":6,"minecraft:melon_seeds":2,"exnihilosequentia:pebble_blackstone":4,"minecraft:cobblestone":33},"minecraft:used":{"minecraft:wheat_seeds":1,"exnihilosequentia:hammer_stone":115,"xreliquary:pedestals/passive/red_passive_pedestal":1,"minecraft:stone_pickaxe":16,"minecraft:chest":1,"excompressum:compressed_hammer_stone":59,"minecraft:cobblestone_slab":296,"minecraft:dirt":7,"minecraft:white_bed":1,"exnihilosequentia:barrel_wood":1,"ceramics:cracked_clay_bucket":1,"ceramics:clay_bucket":1,"minecraft:apple":2,"minecraft:string":3,"minecraft:gravel":95,"minecraft:spruce_sapling":5,"exnihilosequentia:sieve":3,"minecraft:stone_axe":57,"minecraft:cobblestone":115,"minecraft:furnace":1,"minecraft:oak_sapling":1,"tombstone:gift":1,"exnihilosequentia:silkworm":35,"comforts:sleeping_bag_white":1,"exnihilosequentia:crook_granite":49,"minecraft:dark_oak_sapling":8},"minecraft:dropped":{"mana-and-artifice:vinteum_dust":1,"minecraft:gravel":68,"excompressum:compressed_hammer_stone":1,"jaopca:exnihilosequentia_pieces.netherite_scrap":1,"exnihilosequentia:hammer_stone":1,"minecraft:stone_axe":1,"minecraft:lapis_lazuli":2,"minecraft:player_head":12,"minecraft:cocoa_beans":1,"botania:pebble":1,"exnihilosequentia:piece_uranium":2,"jaopca:exnihilosequentia_pieces.azure_silver":1,"exnihilosequentia:piece_aluminum":4,"exnihilosequentia:pebble_granite":1,"storagedrawers:oak_full_drawers_1":1,"exnihilosequentia:piece_tin":2,"exnihilosequentia:mesh_flint":1,"exnihilosequentia:piece_platinum":3,"jaopca:exnihilosequentia_pieces.crimson_iron":3,"minecraft:melon_seeds":1,"exnihilosequentia:piece_iron":5,"exnihilosequentia:dust":1,"minecraft:sand":45,"minecraft:wooden_pickaxe":1,"exnihilosequentia:piece_copper":3,"exnihilosequentia:piece_lead":3,"exnihilosequentia:piece_nickel":2,"jaopca:exnihilosequentia_pieces.cobalt":2,"exnihilosequentia:piece_zinc":2,"exnihilosequentia:piece_silver":2,"minecraft:string":89,"ftbquests:book":1,"exnihilosequentia:crook_wood":1,"minecraft:spruce_sapling":4},"minecraft:mined":{"minecraft:oak_sapling":1,"xreliquary:pedestals/passive/red_passive_pedestal":1,"minecraft:dark_oak_log":48,"exnihilosequentia:infesting_leaves":2,"minecraft:cobblestone":115,"minecraft:spruce_sapling":4,"exnihilosequentia:sieve":3,"minecraft:oak_log":10,"minecraft:cobblestone_slab":16,"minecraft:sand":1,"minecraft:gravel":153,"minecraft:dirt":1,"minecraft:tripwire":2,"minecraft:oak_leaves":20,"exnihilosequentia:infested_leaves":34}},"DataVersion":2586}