{"stats":{"minecraft:crafted":{"exnihilosequentia:crook_wood":1,"minecraft:stick":8,"minecraft:air":8},"minecraft:picked_up":{"ars_nouveau:worn_notebook":1,"minecraft:wooden_pickaxe":1,"minecraft:cobblestone_slab":20,"minecraft:oak_log":5,"minecraft:oak_sapling":2,"botania:pebble":33,"minecraft:cobblestone":14},"minecraft:custom":{"minecraft:time_since_rest":4964,"minecraft:open_chest":18,"minecraft:play_one_minute":13236,"minecraft:crouch_one_cm":1925,"minecraft:walk_one_cm":4016,"minecraft:sprint_one_cm":1183,"minecraft:damage_taken":500,"minecraft:deaths":2,"minecraft:sneak_time":1315,"minecraft:walk_under_water_one_cm":4891,"minecraft:drop":15,"minecraft:jump":14,"minecraft:time_since_death":4941,"minecraft:walk_on_water_one_cm":392,"minecraft:interact_with_crafting_table":5,"minecraft:fall_one_cm":209,"minecraft:fly_one_cm":1039},"minecraft:used":{"minecraft:oak_sapling":1,"minecraft:stone_pickaxe":1,"tombstone:gift":1,"minecraft:cobblestone_slab":17},"minecraft:dropped":{"minecraft:player_head":12,"botania:pebble":1,"ftbquests:book":1,"exnihilosequentia:crook_wood":1},"minecraft:mined":{"minecraft:oak_log":5,"minecraft:cobblestone_slab":1,"minecraft:oak_leaves":5}},"DataVersion":2586}