{"stats":{"minecraft:crafted":{"excompressum:compressed_hammer_stone":1,"exnihilosequentia:crook_wood":1,"minecraft:furnace":3,"minecraft:air":371,"exnihilosequentia:mesh_string":2,"minecraft:charcoal":3,"minecraft:stick":8,"minecraft:chest":1,"exnihilosequentia:hammer_stone":11},"minecraft:custom":{"minecraft:interact_with_furnace":3,"minecraft:interact_with_crafting_table":26,"minecraft:play_one_minute":61236,"minecraft:time_since_death":6067,"minecraft:sleep_in_bed":2,"minecraft:time_since_rest":6105,"minecraft:sprint_one_cm":23844,"minecraft:damage_taken":805,"minecraft:walk_one_cm":51977,"minecraft:drop":33,"minecraft:damage_dealt":10,"minecraft:fly_one_cm":13273,"minecraft:open_chest":118,"minecraft:crouch_one_cm":16858,"minecraft:deaths":3,"minecraft:sneak_time":7606,"minecraft:walk_under_water_one_cm":4891,"minecraft:jump":143,"minecraft:walk_on_water_one_cm":556,"minecraft:fall_one_cm":3570},"minecraft:picked_up":{"minecraft:cocoa_beans":1,"minecraft:wooden_pickaxe":1,"minecraft:flint":6,"minecraft:oak_log":20,"botania:pebble":356,"minecraft:string":210,"minecraft:dirt":10,"exnihilosequentia:dust":1,"exnihilosequentia:pebble_diorite":2,"minecraft:wheat_seeds":3,"comforts:sleeping_bag_white":1,"exnihilosequentia:pebble_granite":2,"excompressum:compressed_hammer_stone":1,"minecraft:cobblestone_slab":31,"storagedrawers:oak_full_drawers_1":1,"exnihilosequentia:sieve":3,"exnihilosequentia:mesh_string":2,"minecraft:stick":15,"minecraft:gravel":194,"minecraft:sand":57,"exnihilosequentia:pebble_andesite":3,"minecraft:white_bed":1,"exnihilosequentia:silkworm":62,"exnihilosequentia:barrel_wood":1,"minecraft:pumpkin_seeds":1,"exnihilosequentia:pebble_basalt":3,"minecraft:beetroot_seeds":2,"ars_nouveau:worn_notebook":1,"minecraft:bone_meal":1,"exnihilosequentia:pebble_stone":15,"minecraft:oak_sapling":6,"minecraft:melon_seeds":2,"exnihilosequentia:pebble_blackstone":4,"minecraft:cobblestone":33},"minecraft:used":{"exnihilosequentia:hammer_stone":115,"xreliquary:pedestals/passive/red_passive_pedestal":1,"minecraft:stone_pickaxe":9,"minecraft:chest":1,"excompressum:compressed_hammer_stone":59,"minecraft:cobblestone_slab":295,"minecraft:dirt":2,"minecraft:white_bed":1,"exnihilosequentia:barrel_wood":1,"ceramics:cracked_clay_bucket":1,"ceramics:clay_bucket":1,"minecraft:apple":2,"minecraft:string":3,"minecraft:gravel":95,"minecraft:spruce_sapling":1,"exnihilosequentia:sieve":3,"minecraft:stone_axe":9,"minecraft:cobblestone":115,"minecraft:furnace":1,"minecraft:oak_sapling":1,"tombstone:gift":1,"exnihilosequentia:silkworm":35,"comforts:sleeping_bag_white":1,"exnihilosequentia:crook_granite":49},"minecraft:dropped":{"minecraft:gravel":68,"excompressum:compressed_hammer_stone":1,"exnihilosequentia:hammer_stone":1,"minecraft:player_head":12,"minecraft:cocoa_beans":1,"botania:pebble":1,"exnihilosequentia:pebble_granite":1,"storagedrawers:oak_full_drawers_1":1,"exnihilosequentia:mesh_flint":1,"minecraft:melon_seeds":1,"exnihilosequentia:dust":1,"minecraft:sand":45,"minecraft:wooden_pickaxe":1,"minecraft:string":89,"ftbquests:book":1,"exnihilosequentia:crook_wood":1,"minecraft:spruce_sapling":4},"minecraft:mined":{"minecraft:oak_sapling":1,"xreliquary:pedestals/passive/red_passive_pedestal":1,"exnihilosequentia:infesting_leaves":2,"minecraft:cobblestone":115,"exnihilosequentia:sieve":3,"minecraft:oak_log":10,"minecraft:cobblestone_slab":9,"minecraft:sand":1,"minecraft:gravel":153,"minecraft:dirt":1,"minecraft:tripwire":2,"minecraft:oak_leaves":20,"exnihilosequentia:infested_leaves":34}},"DataVersion":2586}