{"stats":{"minecraft:mined":{"minecraft:spruce_planks":4,"minecraft:snow_block":11,"minecraft:smoker":2,"minecraft:powder_snow":14,"minecraft:crafting_table":3,"perfectplushies:cat_plushie":1,"minecraft:blast_furnace":2,"minecraft:grass_block":2,"minecraft:cobblestone":15,"minecraft:composter":1,"minecraft:large_fern":1,"minecraft:furnace":3,"minecraft:snow":1,"minecraft:spruce_log":58,"minecraft:grass":2,"minecraft:coal_ore":12,"minecraft:dirt_path":4,"minecraft:dirt":10,"minecraft:stone":37},"minecraft:used":{"minecraft:moss_carpet":4,"minecraft:stone_shovel":26,"perfectplushies:doe_plushie":1,"minecraft:stone_pickaxe":55,"minecraft:poppy":2,"minecraft:spruce_planks":9,"minecraft:chest":2,"minecraft:wooden_pickaxe":9,"minecraft:torch":1,"minecraft:dirt":13,"minecraft:crafting_table":4,"minecraft:blast_furnace":1,"perfectplushies:cat_plushie":1,"minecraft:smoker":1,"minecraft:wooden_axe":37,"minecraft:bread":3,"minecraft:iron_pickaxe":8,"minecraft:stone_axe":60,"minecraft:cobblestone":17,"minecraft:furnace":3},"minecraft:killed":{"minecraft:iron_golem":3},"minecraft:dropped":{"minecraft:cobblestone":3,"minecraft:stick":16,"minecraft:poppy":1,"minecraft:wooden_axe":1,"minecraft:snowball":32,"minecraft:spruce_log":17,"minecraft:wooden_pickaxe":1,"minecraft:stone_pickaxe":1,"minecraft:iron_pickaxe":1},"minecraft:crafted":{"minecraft:stone_shovel":1,"minecraft:crafting_table":1,"minecraft:spruce_planks":92,"minecraft:wooden_pickaxe":1,"minecraft:stone_axe":1,"minecraft:stick":20,"minecraft:stone_pickaxe":2,"minecraft:wooden_axe":1,"minecraft:stone_sword":1,"minecraft:chest":2,"minecraft:torch":20},"minecraft:picked_up":{"minecraft:crafting_table":3,"minecraft:smoker":2,"minecraft:blue_bed":1,"minecraft:dirt":13,"minecraft:moss_carpet":4,"minecraft:raw_copper":38,"minecraft:spruce_planks":1,"minecraft:iron_ingot":13,"minecraft:poppy":3,"minecraft:furnace":3,"minecraft:stick":16,"minecraft:composter":1,"minecraft:spruce_sapling":33,"minecraft:blast_furnace":2,"minecraft:white_bed":1,"minecraft:spruce_log":52,"perfectplushies:cat_plushie":1,"minecraft:coal":14,"minecraft:snowball":45,"minecraft:cobblestone":55},"minecraft:custom":{"minecraft:mob_kills":3,"minecraft:interact_with_crafting_table":9,"minecraft:open_barrel":3,"minecraft:time_since_death":23905,"minecraft:sleep_in_bed":1,"minecraft:time_since_rest":12342,"minecraft:sprint_one_cm":28638,"minecraft:damage_taken":100,"minecraft:walk_one_cm":87052,"minecraft:drop":10,"minecraft:damage_dealt":2390,"minecraft:talked_to_villager":4,"minecraft:fly_one_cm":29465,"minecraft:open_chest":4,"minecraft:crouch_one_cm":5577,"minecraft:play_time":23905,"minecraft:sneak_time":2855,"minecraft:jump":262,"minecraft:walk_on_water_one_cm":1211,"minecraft:total_world_time":23905,"minecraft:fall_one_cm":2346}},"DataVersion":3465}