{"stats":{"minecraft:mined":{"minecraft:spruce_planks":9,"minecraft:snow_block":58,"minecraft:smoker":2,"minecraft:powder_snow":14,"minecraft:crafting_table":3,"perfectplushies:cat_plushie":1,"perfectplushies:dumbo_blob_plushie":2,"minecraft:blast_furnace":2,"minecraft:grass_block":2,"minecraft:cobblestone":37,"minecraft:grindstone":4,"minecraft:spruce_leaves":1,"minecraft:composter":1,"minecraft:large_fern":1,"minecraft:furnace":4,"minecraft:snow":1,"minecraft:spruce_log":351,"minecraft:fletching_table":4,"minecraft:grass":2,"minecraft:coal_ore":14,"minecraft:vine":2,"minecraft:dirt_path":4,"minecraft:gravel":88,"minecraft:dirt":11,"minecraft:stone":42},"minecraft:used":{"minecraft:moss_carpet":4,"minecraft:iron_shovel":135,"minecraft:stone_shovel":26,"perfectplushies:doe_plushie":1,"minecraft:stone_pickaxe":55,"minecraft:poppy":2,"minecraft:spruce_planks":10,"minecraft:chest":2,"minecraft:wooden_pickaxe":9,"minecraft:iron_sword":3,"minecraft:composter":1,"minecraft:fletching_table":8,"minecraft:torch":4,"minecraft:dirt":14,"minecraft:crafting_table":4,"minecraft:red_bed":2,"minecraft:blast_furnace":2,"perfectplushies:cat_plushie":1,"minecraft:snowball":13,"minecraft:smoker":2,"minecraft:wooden_axe":37,"minecraft:iron_axe":284,"minecraft:bread":6,"minecraft:iron_pickaxe":42,"minecraft:spruce_trapdoor":13,"minecraft:stone_axe":109,"minecraft:cobblestone":39,"perfectplushies:dumbo_blob_plushie":2,"minecraft:furnace":3,"minecraft:grindstone":5},"minecraft:killed":{"minecraft:iron_golem":3,"creeperoverhaul:snowy_creeper":1,"minecraft:villager":1},"minecraft:crafted":{"minecraft:stone_shovel":1,"minecraft:emerald":64,"minecraft:crafting_table":1,"minecraft:spruce_planks":1224,"minecraft:wooden_pickaxe":1,"minecraft:iron_sword":1,"minecraft:fletching_table":4,"minecraft:stone_axe":1,"minecraft:air":0,"minecraft:spruce_trapdoor":14,"minecraft:iron_axe":3,"minecraft:stick":2068,"minecraft:stone_pickaxe":2,"minecraft:wooden_axe":1,"minecraft:stone_sword":1,"minecraft:chest":2,"minecraft:iron_shovel":1,"minecraft:torch":20},"minecraft:picked_up":{"minecraft:crafting_table":3,"perfectplushies:dumbo_blob_plushie":2,"minecraft:smoker":2,"minecraft:flint":8,"minecraft:blue_bed":1,"minecraft:dirt":14,"minecraft:moss_carpet":4,"minecraft:raw_copper":38,"minecraft:spruce_planks":5,"minecraft:grindstone":4,"minecraft:iron_ingot":32,"minecraft:poppy":3,"minecraft:fletching_table":4,"minecraft:furnace":4,"minecraft:stick":132,"minecraft:composter":1,"minecraft:gravel":78,"minecraft:spruce_sapling":176,"minecraft:blast_furnace":2,"minecraft:white_bed":1,"minecraft:spruce_log":350,"perfectplushies:cat_plushie":1,"minecraft:coal":43,"minecraft:snowball":233,"minecraft:cobblestone":82},"minecraft:dropped":{"minecraft:gravel":78,"minecraft:bread":2,"minecraft:cobblestone":3,"minecraft:stick":16,"minecraft:poppy":1,"minecraft:wooden_axe":1,"minecraft:snowball":220,"minecraft:spruce_log":17,"minecraft:iron_axe":1,"minecraft:wooden_pickaxe":1,"minecraft:stone_pickaxe":1,"minecraft:iron_pickaxe":1},"minecraft:custom":{"minecraft:mob_kills":5,"minecraft:traded_with_villager":64,"minecraft:interact_with_crafting_table":19,"minecraft:open_barrel":3,"minecraft:time_since_death":47905,"minecraft:sleep_in_bed":2,"minecraft:climb_one_cm":214,"minecraft:time_since_rest":13490,"minecraft:sprint_one_cm":67047,"minecraft:damage_taken":212,"minecraft:walk_one_cm":208290,"minecraft:drop":27,"minecraft:damage_dealt":3085,"minecraft:talked_to_villager":40,"minecraft:fly_one_cm":93031,"minecraft:open_chest":28,"minecraft:crouch_one_cm":7348,"minecraft:play_time":47905,"minecraft:sneak_time":3467,"minecraft:jump":586,"minecraft:walk_on_water_one_cm":3630,"minecraft:total_world_time":47905,"minecraft:fall_one_cm":15022},"minecraft:broken":{"minecraft:iron_axe":1,"minecraft:stone_axe":1}},"DataVersion":3465}