{"stats":{"minecraft:custom":{"minecraft:mob_kills":8,"minecraft:interact_with_crafting_table":94,"minecraft:leave_game":1,"minecraft:time_since_death":6969,"minecraft:sprint_one_cm":233495,"minecraft:walk_one_cm":280205,"minecraft:drop":194,"minecraft:deaths":5,"minecraft:sneak_time":19228,"minecraft:walk_under_water_one_cm":6160,"minecraft:jump":1000,"minecraft:walk_on_water_one_cm":6960,"minecraft:interact_with_furnace":83,"minecraft:play_one_minute":247609,"minecraft:sleep_in_bed":6,"minecraft:time_since_rest":7000,"tramplestopper:farmland_saved":1,"minecraft:damage_taken":2640,"minecraft:damage_dealt":1881,"minecraft:player_kills":1,"minecraft:swim_one_cm":484,"minecraft:fly_one_cm":143017,"minecraft:open_chest":575,"minecraft:crouch_one_cm":51877,"tombstone:undead_killed":1,"minecraft:fall_one_cm":29122},"minecraft:killed_by":{"minecraft:player":2},"minecraft:picked_up":{"minecraft:cocoa_beans":8,"minecraft:wheat":8,"exnihilosequentia:piece_uranium":113,"waterstrainer:strainer_survivalist":8,"exnihilosequentia:mesh_flint":25,"minecraft:prismarine_shard":4,"thermal:cinnabar":1,"minecraft:wooden_pickaxe":1,"exnihilosequentia:piece_nickel":85,"exnihilosequentia:piece_silver":87,"minecraft:brick":1,"alltheores:platinum_ingot":2,"exnihilosequentia:seed_carrot":4,"minecraft:string":1921,"exnihilosequentia:seed_birch":6,"minecraft:flint_and_steel":1,"exnihilosequentia:dust":1,"thermal:sulfur":3,"exnihilosequentia:pebble_diorite":37,"mysticalagriculture:inferium_essence":2,"exnihilosequentia:seed_fern":6,"comforts:sleeping_bag_white":1,"excompressum:compressed_hammer_stone":1,"minecraft:cobblestone_slab":52,"minecraft:chest":1,"exnihilosequentia:piece_lead":87,"minecraft:furnace":1,"minecraft:dark_oak_sapling":10,"exnihilosequentia:sieve":28,"minecraft:stick":72,"alltheores:copper_ingot":2,"jaopca:exnihilosequentia_pieces.azure_silver":98,"mana-and-artifice:vinteum_dust":18,"minecraft:torch":12,"exnihilosequentia:seed_potato":2,"exnihilosequentia:barrel_wood":1,"exnihilosequentia:piece_copper":99,"thermal:peanut_seeds":1,"minecraft:arrow":1,"minecraft:beetroot_seeds":29,"ars_nouveau:worn_notebook":1,"waterstrainer:worm_bin":1,"exnihilosequentia:pebble_blackstone":39,"waterstrainer:worm":12,"minecraft:cobblestone":33,"exnihilosequentia:ancient_spores":3,"exnihilosequentia:seed_acacia":2,"mana-and-artifice:mark_of_the_undead":1,"exnihilosequentia:seed_sugarcane":2,"minecraft:water_bucket":1,"exnihilosequentia:piece_gold":113,"exnihilosequentia:piece_aluminum":102,"minecraft:flint":840,"exnihilosequentia:piece_tin":88,"minecraft:oak_log":124,"botania:pebble":839,"minecraft:lapis_lazuli":87,"minecraft:dirt":119,"exnihilosequentia:seed_spruce":3,"jaopca:exnihilosequentia_pieces.netherite_scrap":74,"mekanism:salt":2,"minecraft:apple":5,"minecraft:wheat_seeds":70,"exnihilosequentia:pebble_granite":35,"minecraft:iron_ingot":38,"exnihilosequentia:piece_platinum":91,"exnihilosequentia:grass_seeds":2,"waterstrainer:bait_pot":1,"storagedrawers:oak_full_drawers_1":1,"exnihilosequentia:mesh_string":4,"minecraft:oak_slab":2,"exnihilosequentia:seed_jungle":5,"exnihilosequentia:mesh_iron":4,"minecraft:gravel":2337,"minecraft:lava_bucket":1,"exnihilosequentia:pebble_andesite":26,"minecraft:sand":68,"minecraft:spruce_sapling":4,"minecraft:white_bed":2,"minecraft:spider_eye":2,"exnihilosequentia:piece_zinc":77,"minecraft:dark_oak_log":48,"exnihilosequentia:silkworm":538,"exnihilosequentia:cooked_silkworm":103,"jaopca:exnihilosequentia_pieces.cobalt":91,"forbidden_arcanus:arcane_crystal":1,"minecraft:pumpkin_seeds":30,"exnihilosequentia:pebble_basalt":36,"exnihilosequentia:seed_large_fern":2,"minecraft:stone_axe":1,"waterstrainer:strainer_base":8,"exnihilosequentia:seed_cactus":3,"xreliquary:chelicerae":1,"compressium:cobblestone_1":7,"minecraft:bone_meal":4,"exnihilosequentia:pebble_stone":216,"minecraft:oak_sapling":38,"minecraft:melon_seeds":32,"exnihilosequentia:piece_iron":168,"jaopca:exnihilosequentia_pieces.crimson_iron":75,"minecraft:coal":232},"minecraft:killed":{"minecraft:spider":2,"mana-and-artifice:witch_hunter":1,"minecraft:creeper":2,"eidolon:zombie_brute":1},"minecraft:used":{"exnihilosequentia:hammer_stone":1697,"xreliquary:pedestals/passive/red_passive_pedestal":1,"minecraft:chest":10,"excompressum:compressed_hammer_stone":174,"minecraft:torch":11,"minecraft:dirt":263,"exnihilosequentia:cooked_silkworm":79,"waterstrainer:garden_trowel":23,"minecraft:iron_axe":43,"waterstrainer:worm_bin":2,"exnihilosequentia:crook_wood":483,"minecraft:oak_sapling":8,"minecraft:furnace":5,"tombstone:gift":1,"comforts:sleeping_bag_white":1,"minecraft:dark_oak_sapling":16,"waterstrainer:strainer_base":12,"minecraft:wheat_seeds":4,"minecraft:water_bucket":8,"minecraft:stone_pickaxe":23,"minecraft:cobblestone_slab":365,"minecraft:sand":1,"minecraft:white_bed":3,"exnihilosequentia:barrel_wood":1,"ceramics:cracked_clay_bucket":1,"ceramics:clay_bucket":2,"minecraft:apple":2,"minecraft:string":12,"minecraft:spruce_sapling":5,"minecraft:gravel":95,"exnihilosequentia:sieve":28,"minecraft:stone_axe":188,"minecraft:cobblestone":659,"minecraft:bucket":6,"exnihilosequentia:silkworm":35,"exnihilosequentia:crook_granite":116},"minecraft:crafted":{"minecraft:brick":6,"exnihilosequentia:mesh_iron":3,"exnihilosequentia:crucible_fired":1,"akashictome:tome":1,"minecraft:furnace":3,"mana-and-artifice:wand":1,"minecraft:iron_bars":32,"minecraft:hopper":4,"minecraft:iron_axe":1,"waterstrainer:string_mesh":2,"minecraft:chest":5,"minecraft:netherite_scrap":27,"exnihilosequentia:hammer_stone":12,"exnihilosequentia:mesh_flint":5,"minecraft:oak_slab":30,"excompressum:compressed_hammer_stone":1,"exnihilosequentia:crook_wood":5,"minecraft:bucket":3,"minecraft:air":2768,"exnihilosequentia:mesh_string":7,"exnihilosequentia:cooked_silkworm":198,"minecraft:charcoal":3,"minecraft:stick":8,"minecraft:iron_ingot":53,"minecraft:iron_pickaxe":1,"minecraft:gold_ingot":34},"minecraft:mined":{"minecraft:white_bed":1,"minecraft:oak_sapling":1,"xreliquary:pedestals/passive/red_passive_pedestal":1,"minecraft:dark_oak_log":123,"minecraft:grass_block":1,"minecraft:furnace":1,"minecraft:spruce_sapling":4,"exnihilosequentia:sieve":28,"minecraft:cobblestone_slab":22,"waterstrainer:worm_bin":1,"minecraft:tripwire":16,"minecraft:torch":8,"exnihilosequentia:infesting_leaves":2,"minecraft:cobblestone":1747,"minecraft:wall_torch":4,"compressium:cobblestone_1":56,"minecraft:wheat":1,"minecraft:oak_log":41,"minecraft:sand":2,"minecraft:gravel":154,"minecraft:dirt":29,"waterstrainer:strainer_base":7,"exnihilosequentia:infested_leaves":648,"minecraft:oak_leaves":157},"minecraft:dropped":{"minecraft:water_bucket":2,"excompressum:compressed_hammer_stone":1,"minecraft:iron_ingot":34,"minecraft:wheat_seeds":23,"minecraft:lapis_lazuli":4,"exnihilosequentia:piece_uranium":14,"exnihilosequentia:pebble_basalt":13,"minecraft:cobblestone":1349,"minecraft:apple":3,"exnihilosequentia:pebble_andesite":17,"minecraft:coal":26,"minecraft:stick":1,"exnihilosequentia:seed_sugarcane":1,"minecraft:lava_bucket":1,"exnihilosequentia:ancient_spores":1,"storagedrawers:oak_full_drawers_1":1,"exnihilosequentia:piece_tin":7,"exnihilosequentia:mesh_flint":1,"exnihilosequentia:piece_platinum":7,"exnihilosequentia:pebble_stone":87,"jaopca:exnihilosequentia_pieces.crimson_iron":10,"exnihilosequentia:piece_iron":22,"exnihilosequentia:seed_spruce":1,"exnihilosequentia:seed_potato":1,"exnihilosequentia:dust":1,"exnihilosequentia:crucible_fired":1,"minecraft:bone_meal":64,"minecraft:sand":57,"exnihilosequentia:cooked_silkworm":135,"thermal:peanut_seeds":1,"minecraft:iron_pickaxe":1,"alltheores:platinum_ingot":2,"minecraft:string":436,"exnihilosequentia:piece_nickel":13,"exnihilosequentia:seed_acacia":1,"exnihilosequentia:piece_silver":9,"ftbquests:book":1,"exnihilosequentia:seed_large_fern":1,"exnihilosequentia:piece_zinc":8,"minecraft:spruce_sapling":4,"jaopca:exnihilosequentia_pieces.cobalt":8,"mana-and-artifice:vinteum_dust":1,"minecraft:gravel":550,"jaopca:exnihilosequentia_pieces.netherite_scrap":11,"exnihilosequentia:hammer_stone":5,"minecraft:stone_axe":1,"exnihilosequentia:chunk_iron":1,"minecraft:player_head":12,"exnihilosequentia:mesh_iron":1,"botania:pebble":147,"minecraft:cocoa_beans":1,"exnihilosequentia:seed_jungle":2,"exnihilosequentia:pebble_diorite":16,"alltheores:copper_ingot":2,"minecraft:clay_ball":2,"exnihilosequentia:silkworm":42,"jaopca:exnihilosequentia_pieces.azure_silver":11,"exnihilosequentia:piece_aluminum":14,"exnihilosequentia:pebble_granite":16,"minecraft:shears":1,"minecraft:pumpkin_seeds":12,"exnihilosequentia:pebble_blackstone":15,"minecraft:flint_and_steel":1,"exnihilosequentia:seed_carrot":2,"minecraft:cobblestone_slab":31,"exnihilosequentia:grass_seeds":1,"exnihilosequentia:crook_granite":2,"exnihilosequentia:piece_gold":15,"minecraft:beetroot_seeds":12,"minecraft:melon_seeds":14,"minecraft:oak_sapling":2,"minecraft:spider_eye":1,"compressium:cobblestone_1":55,"minecraft:wooden_pickaxe":1,"exnihilosequentia:piece_copper":10,"exnihilosequentia:seed_cactus":1,"exnihilosequentia:seed_fern":3,"exnihilosequentia:seed_birch":2,"exnihilosequentia:piece_lead":11,"exnihilosequentia:crook_wood":7,"waterstrainer:strainer_survivalist":1},"minecraft:broken":{"exnihilosequentia:crook_wood":2,"exnihilosequentia:hammer_stone":4,"minecraft:stone_axe":1,"excompressum:compressed_hammer_stone":1}},"DataVersion":2586}