{"stats":{"minecraft:crafted":{"excompressum:compressed_hammer_stone":1,"exnihilosequentia:crook_wood":5,"minecraft:furnace":3,"mana-and-artifice:wand":1,"minecraft:air":502,"exnihilosequentia:mesh_string":7,"minecraft:charcoal":3,"minecraft:stick":8,"minecraft:chest":1,"exnihilosequentia:hammer_stone":11,"exnihilosequentia:mesh_flint":5},"minecraft:custom":{"minecraft:interact_with_furnace":6,"minecraft:interact_with_crafting_table":40,"minecraft:play_one_minute":85236,"minecraft:time_since_death":30067,"minecraft:sleep_in_bed":2,"minecraft:time_since_rest":30105,"minecraft:sprint_one_cm":34490,"minecraft:damage_taken":841,"minecraft:walk_one_cm":74205,"minecraft:drop":69,"minecraft:damage_dealt":75,"minecraft:fly_one_cm":16225,"minecraft:open_chest":172,"minecraft:crouch_one_cm":18154,"minecraft:deaths":3,"minecraft:sneak_time":8313,"minecraft:walk_under_water_one_cm":4891,"minecraft:jump":185,"minecraft:walk_on_water_one_cm":556,"minecraft:fall_one_cm":4046},"minecraft:picked_up":{"minecraft:cocoa_beans":2,"exnihilosequentia:piece_uranium":19,"exnihilosequentia:mesh_flint":11,"exnihilosequentia:piece_gold":11,"exnihilosequentia:piece_nickel":5,"minecraft:wooden_pickaxe":1,"exnihilosequentia:piece_aluminum":15,"exnihilosequentia:piece_silver":10,"exnihilosequentia:piece_tin":12,"minecraft:flint":133,"minecraft:oak_log":29,"minecraft:lapis_lazuli":11,"botania:pebble":358,"minecraft:string":436,"minecraft:dirt":13,"exnihilosequentia:dust":1,"jaopca:exnihilosequentia_pieces.netherite_scrap":12,"minecraft:apple":1,"exnihilosequentia:pebble_diorite":2,"minecraft:wheat_seeds":4,"comforts:sleeping_bag_white":1,"exnihilosequentia:pebble_granite":2,"exnihilosequentia:piece_platinum":9,"excompressum:compressed_hammer_stone":1,"minecraft:cobblestone_slab":36,"storagedrawers:oak_full_drawers_1":1,"exnihilosequentia:piece_lead":8,"minecraft:dark_oak_sapling":6,"exnihilosequentia:sieve":11,"exnihilosequentia:mesh_string":4,"minecraft:oak_slab":2,"minecraft:stick":17,"jaopca:exnihilosequentia_pieces.azure_silver":9,"mana-and-artifice:vinteum_dust":6,"minecraft:gravel":194,"minecraft:sand":58,"exnihilosequentia:pebble_andesite":3,"minecraft:spruce_sapling":4,"minecraft:white_bed":1,"exnihilosequentia:piece_zinc":10,"minecraft:dark_oak_log":48,"exnihilosequentia:silkworm":102,"exnihilosequentia:barrel_wood":1,"jaopca:exnihilosequentia_pieces.cobalt":15,"exnihilosequentia:piece_copper":10,"minecraft:pumpkin_seeds":1,"exnihilosequentia:pebble_basalt":3,"minecraft:stone_axe":1,"minecraft:beetroot_seeds":2,"ars_nouveau:worn_notebook":1,"exnihilosequentia:piece_iron":22,"minecraft:bone_meal":1,"jaopca:exnihilosequentia_pieces.crimson_iron":9,"minecraft:coal":25,"exnihilosequentia:pebble_stone":15,"minecraft:oak_sapling":6,"minecraft:melon_seeds":2,"exnihilosequentia:pebble_blackstone":4,"minecraft:cobblestone":33},"minecraft:used":{"minecraft:wheat_seeds":1,"exnihilosequentia:hammer_stone":115,"xreliquary:pedestals/passive/red_passive_pedestal":1,"minecraft:stone_pickaxe":16,"minecraft:chest":1,"excompressum:compressed_hammer_stone":59,"minecraft:cobblestone_slab":296,"minecraft:sand":1,"minecraft:dirt":7,"minecraft:white_bed":1,"exnihilosequentia:barrel_wood":1,"ceramics:cracked_clay_bucket":1,"ceramics:clay_bucket":1,"minecraft:apple":2,"minecraft:string":3,"minecraft:gravel":95,"minecraft:spruce_sapling":5,"exnihilosequentia:sieve":11,"minecraft:stone_axe":65,"minecraft:cobblestone":115,"minecraft:furnace":2,"minecraft:oak_sapling":1,"tombstone:gift":1,"exnihilosequentia:silkworm":35,"comforts:sleeping_bag_white":1,"exnihilosequentia:crook_granite":116,"minecraft:dark_oak_sapling":8},"minecraft:dropped":{"mana-and-artifice:vinteum_dust":1,"minecraft:gravel":68,"excompressum:compressed_hammer_stone":1,"jaopca:exnihilosequentia_pieces.netherite_scrap":1,"exnihilosequentia:hammer_stone":1,"minecraft:stone_axe":1,"exnihilosequentia:chunk_iron":1,"minecraft:lapis_lazuli":2,"minecraft:player_head":12,"minecraft:cocoa_beans":1,"botania:pebble":1,"exnihilosequentia:piece_uranium":2,"exnihilosequentia:silkworm":40,"jaopca:exnihilosequentia_pieces.azure_silver":1,"exnihilosequentia:piece_aluminum":4,"exnihilosequentia:pebble_granite":1,"storagedrawers:oak_full_drawers_1":1,"exnihilosequentia:piece_tin":2,"exnihilosequentia:crook_granite":1,"exnihilosequentia:mesh_flint":1,"exnihilosequentia:piece_platinum":3,"jaopca:exnihilosequentia_pieces.crimson_iron":3,"minecraft:melon_seeds":1,"exnihilosequentia:piece_iron":6,"exnihilosequentia:dust":1,"minecraft:sand":57,"minecraft:wooden_pickaxe":1,"exnihilosequentia:piece_copper":3,"exnihilosequentia:piece_lead":3,"exnihilosequentia:piece_nickel":2,"jaopca:exnihilosequentia_pieces.cobalt":2,"exnihilosequentia:piece_zinc":2,"exnihilosequentia:piece_silver":2,"minecraft:string":299,"ftbquests:book":1,"exnihilosequentia:crook_wood":5,"minecraft:spruce_sapling":4,"waterstrainer:strainer_survivalist":1},"minecraft:mined":{"minecraft:oak_sapling":1,"xreliquary:pedestals/passive/red_passive_pedestal":1,"minecraft:dark_oak_log":48,"exnihilosequentia:infesting_leaves":2,"minecraft:cobblestone":115,"minecraft:spruce_sapling":4,"exnihilosequentia:sieve":11,"minecraft:oak_log":10,"minecraft:cobblestone_slab":16,"minecraft:sand":2,"minecraft:gravel":153,"minecraft:dirt":1,"minecraft:tripwire":3,"minecraft:oak_leaves":20,"exnihilosequentia:infested_leaves":101}},"DataVersion":2586}