{"stats":{"minecraft:crafted":{"minecraft:charcoal":3,"exnihilosequentia:crook_wood":1,"minecraft:stick":8,"minecraft:chest":1,"minecraft:furnace":3,"minecraft:air":132},"minecraft:picked_up":{"minecraft:stick":15,"minecraft:wooden_pickaxe":1,"minecraft:oak_log":20,"botania:pebble":97,"exnihilosequentia:silkworm":2,"ars_nouveau:worn_notebook":1,"minecraft:cobblestone_slab":24,"minecraft:oak_sapling":5,"minecraft:cobblestone":33},"minecraft:custom":{"minecraft:time_since_rest":16964,"minecraft:interact_with_furnace":2,"minecraft:sprint_one_cm":5708,"minecraft:damage_taken":500,"minecraft:walk_one_cm":9031,"minecraft:drop":17,"minecraft:interact_with_crafting_table":16,"minecraft:fly_one_cm":2572,"minecraft:open_chest":40,"minecraft:crouch_one_cm":7878,"minecraft:play_one_minute":25236,"minecraft:deaths":2,"minecraft:sneak_time":3415,"minecraft:walk_under_water_one_cm":4891,"minecraft:jump":23,"minecraft:walk_on_water_one_cm":392,"minecraft:time_since_death":16941,"minecraft:fall_one_cm":685},"minecraft:used":{"minecraft:stone_pickaxe":5,"minecraft:chest":1,"minecraft:cobblestone_slab":125,"minecraft:stone_axe":6,"minecraft:oak_sapling":1,"minecraft:furnace":1,"tombstone:gift":1,"exnihilosequentia:crook_granite":14,"ceramics:clay_bucket":1},"minecraft:dropped":{"minecraft:player_head":12,"botania:pebble":1,"minecraft:wooden_pickaxe":1,"ftbquests:book":1,"minecraft:spruce_sapling":4,"exnihilosequentia:crook_wood":1},"minecraft:mined":{"minecraft:oak_log":10,"minecraft:cobblestone_slab":5,"minecraft:oak_leaves":20}},"DataVersion":2586}