{"stats":{"minecraft:crafted":{"excompressum:compressed_hammer_stone":1,"exnihilosequentia:crook_wood":5,"minecraft:furnace":3,"mana-and-artifice:wand":1,"minecraft:air":1674,"exnihilosequentia:mesh_string":7,"exnihilosequentia:cooked_silkworm":198,"minecraft:charcoal":3,"minecraft:iron_axe":1,"minecraft:iron_pickaxe":1,"minecraft:stick":8,"minecraft:iron_ingot":25,"minecraft:gold_ingot":6,"minecraft:chest":5,"exnihilosequentia:hammer_stone":12,"exnihilosequentia:mesh_flint":5},"minecraft:custom":{"minecraft:interact_with_furnace":52,"minecraft:interact_with_crafting_table":58,"minecraft:play_one_minute":133236,"minecraft:time_since_death":78067,"minecraft:sleep_in_bed":3,"minecraft:time_since_rest":13774,"minecraft:sprint_one_cm":103690,"minecraft:damage_taken":1325,"minecraft:walk_one_cm":156499,"minecraft:drop":137,"minecraft:damage_dealt":173,"minecraft:fly_one_cm":31850,"minecraft:open_chest":337,"minecraft:crouch_one_cm":31186,"minecraft:deaths":3,"minecraft:sneak_time":12756,"minecraft:walk_under_water_one_cm":4891,"minecraft:jump":387,"minecraft:walk_on_water_one_cm":556,"minecraft:fall_one_cm":13831},"minecraft:picked_up":{"minecraft:cocoa_beans":2,"exnihilosequentia:piece_uranium":67,"exnihilosequentia:mesh_flint":12,"exnihilosequentia:piece_gold":67,"exnihilosequentia:piece_nickel":50,"minecraft:wooden_pickaxe":1,"exnihilosequentia:piece_aluminum":70,"exnihilosequentia:piece_silver":50,"exnihilosequentia:piece_tin":62,"minecraft:flint":485,"minecraft:oak_log":60,"minecraft:lapis_lazuli":54,"botania:pebble":813,"minecraft:string":465,"minecraft:dirt":15,"exnihilosequentia:dust":1,"jaopca:exnihilosequentia_pieces.netherite_scrap":40,"minecraft:apple":2,"exnihilosequentia:pebble_diorite":2,"minecraft:wheat_seeds":4,"comforts:sleeping_bag_white":1,"minecraft:iron_ingot":6,"exnihilosequentia:pebble_granite":2,"exnihilosequentia:piece_platinum":58,"excompressum:compressed_hammer_stone":1,"minecraft:cobblestone_slab":36,"storagedrawers:oak_full_drawers_1":1,"minecraft:furnace":1,"exnihilosequentia:piece_lead":57,"minecraft:dark_oak_sapling":10,"exnihilosequentia:sieve":11,"exnihilosequentia:mesh_string":4,"minecraft:oak_slab":2,"minecraft:stick":34,"jaopca:exnihilosequentia_pieces.azure_silver":66,"mana-and-artifice:vinteum_dust":7,"minecraft:gravel":1781,"minecraft:sand":58,"exnihilosequentia:pebble_andesite":3,"minecraft:spruce_sapling":4,"minecraft:white_bed":2,"exnihilosequentia:piece_zinc":35,"minecraft:dark_oak_log":48,"exnihilosequentia:silkworm":102,"exnihilosequentia:barrel_wood":1,"exnihilosequentia:cooked_silkworm":103,"jaopca:exnihilosequentia_pieces.cobalt":54,"exnihilosequentia:piece_copper":66,"minecraft:pumpkin_seeds":1,"exnihilosequentia:pebble_basalt":3,"minecraft:stone_axe":1,"minecraft:beetroot_seeds":2,"ars_nouveau:worn_notebook":1,"exnihilosequentia:piece_iron":111,"minecraft:bone_meal":1,"jaopca:exnihilosequentia_pieces.crimson_iron":47,"minecraft:coal":149,"exnihilosequentia:pebble_stone":15,"minecraft:oak_sapling":22,"minecraft:melon_seeds":2,"exnihilosequentia:pebble_blackstone":4,"minecraft:cobblestone":33},"minecraft:used":{"minecraft:wheat_seeds":1,"exnihilosequentia:hammer_stone":1684,"xreliquary:pedestals/passive/red_passive_pedestal":1,"minecraft:stone_pickaxe":17,"minecraft:chest":9,"excompressum:compressed_hammer_stone":131,"minecraft:cobblestone_slab":296,"minecraft:sand":1,"minecraft:dirt":7,"exnihilosequentia:cooked_silkworm":35,"minecraft:white_bed":3,"exnihilosequentia:barrel_wood":1,"ceramics:cracked_clay_bucket":1,"ceramics:clay_bucket":1,"minecraft:apple":2,"minecraft:string":3,"minecraft:gravel":95,"minecraft:spruce_sapling":5,"exnihilosequentia:sieve":11,"minecraft:stone_axe":188,"exnihilosequentia:crook_wood":37,"minecraft:cobblestone":652,"minecraft:furnace":5,"minecraft:oak_sapling":8,"tombstone:gift":1,"exnihilosequentia:silkworm":35,"comforts:sleeping_bag_white":1,"exnihilosequentia:crook_granite":116,"minecraft:dark_oak_sapling":16},"minecraft:dropped":{"mana-and-artifice:vinteum_dust":1,"minecraft:iron_ingot":2,"minecraft:gravel":550,"excompressum:compressed_hammer_stone":1,"jaopca:exnihilosequentia_pieces.netherite_scrap":11,"exnihilosequentia:hammer_stone":3,"minecraft:stone_axe":1,"exnihilosequentia:chunk_iron":1,"minecraft:lapis_lazuli":4,"minecraft:player_head":12,"minecraft:cocoa_beans":1,"botania:pebble":135,"exnihilosequentia:piece_uranium":14,"minecraft:cobblestone":1349,"exnihilosequentia:silkworm":40,"jaopca:exnihilosequentia_pieces.azure_silver":11,"exnihilosequentia:piece_aluminum":14,"exnihilosequentia:pebble_granite":1,"minecraft:coal":26,"storagedrawers:oak_full_drawers_1":1,"exnihilosequentia:piece_tin":7,"exnihilosequentia:crook_granite":1,"exnihilosequentia:mesh_flint":1,"exnihilosequentia:piece_gold":15,"exnihilosequentia:piece_platinum":7,"jaopca:exnihilosequentia_pieces.crimson_iron":10,"minecraft:melon_seeds":1,"exnihilosequentia:piece_iron":22,"exnihilosequentia:dust":1,"minecraft:iron_pickaxe":1,"exnihilosequentia:cooked_silkworm":135,"minecraft:sand":57,"minecraft:wooden_pickaxe":1,"exnihilosequentia:piece_copper":10,"exnihilosequentia:piece_lead":11,"exnihilosequentia:piece_nickel":13,"jaopca:exnihilosequentia_pieces.cobalt":8,"exnihilosequentia:piece_zinc":8,"exnihilosequentia:piece_silver":9,"minecraft:string":299,"ftbquests:book":1,"exnihilosequentia:crook_wood":6,"minecraft:spruce_sapling":4,"waterstrainer:strainer_survivalist":1},"minecraft:broken":{"minecraft:stone_axe":1,"exnihilosequentia:hammer_stone":4,"excompressum:compressed_hammer_stone":1},"minecraft:mined":{"minecraft:white_bed":1,"minecraft:oak_sapling":1,"xreliquary:pedestals/passive/red_passive_pedestal":1,"minecraft:dark_oak_log":123,"exnihilosequentia:infesting_leaves":2,"minecraft:cobblestone":1747,"minecraft:spruce_sapling":4,"minecraft:furnace":1,"exnihilosequentia:sieve":11,"minecraft:oak_log":41,"minecraft:cobblestone_slab":16,"minecraft:sand":2,"minecraft:gravel":153,"minecraft:dirt":1,"minecraft:tripwire":3,"minecraft:oak_leaves":46,"exnihilosequentia:infested_leaves":138}},"DataVersion":2586}