{"stats":{"minecraft:crafted":{"exnihilosequentia:mesh_iron":3,"akashictome:tome":1,"minecraft:furnace":3,"mana-and-artifice:wand":1,"minecraft:iron_axe":1,"minecraft:chest":5,"minecraft:netherite_scrap":27,"exnihilosequentia:hammer_stone":12,"exnihilosequentia:mesh_flint":5,"excompressum:compressed_hammer_stone":1,"exnihilosequentia:crook_wood":5,"minecraft:air":2389,"exnihilosequentia:mesh_string":7,"exnihilosequentia:cooked_silkworm":198,"minecraft:charcoal":3,"minecraft:stick":8,"minecraft:iron_ingot":53,"minecraft:iron_pickaxe":1,"minecraft:gold_ingot":34},"minecraft:custom":{"minecraft:mob_kills":8,"minecraft:interact_with_crafting_table":72,"minecraft:time_since_death":57180,"minecraft:sprint_one_cm":193537,"minecraft:walk_one_cm":230420,"minecraft:drop":180,"minecraft:deaths":4,"minecraft:sneak_time":17749,"minecraft:walk_under_water_one_cm":4891,"minecraft:jump":769,"minecraft:walk_on_water_one_cm":1484,"minecraft:interact_with_furnace":68,"minecraft:play_one_minute":205236,"minecraft:sleep_in_bed":5,"minecraft:time_since_rest":11031,"tramplestopper:farmland_saved":1,"minecraft:damage_taken":2208,"minecraft:damage_dealt":1712,"minecraft:fly_one_cm":106494,"minecraft:open_chest":468,"minecraft:crouch_one_cm":48665,"tombstone:undead_killed":1,"minecraft:fall_one_cm":22287},"minecraft:picked_up":{"minecraft:cocoa_beans":8,"exnihilosequentia:piece_uranium":111,"minecraft:prismarine_shard":4,"exnihilosequentia:mesh_flint":25,"minecraft:wooden_pickaxe":1,"exnihilosequentia:piece_nickel":83,"exnihilosequentia:piece_silver":85,"alltheores:platinum_ingot":2,"exnihilosequentia:seed_carrot":4,"minecraft:string":1921,"exnihilosequentia:seed_birch":4,"exnihilosequentia:dust":1,"exnihilosequentia:pebble_diorite":34,"mysticalagriculture:inferium_essence":2,"exnihilosequentia:seed_fern":6,"comforts:sleeping_bag_white":1,"excompressum:compressed_hammer_stone":1,"minecraft:cobblestone_slab":44,"minecraft:chest":1,"minecraft:furnace":1,"exnihilosequentia:piece_lead":86,"exnihilosequentia:sieve":28,"minecraft:dark_oak_sapling":10,"minecraft:stick":58,"alltheores:copper_ingot":2,"jaopca:exnihilosequentia_pieces.azure_silver":98,"mana-and-artifice:vinteum_dust":16,"minecraft:torch":11,"exnihilosequentia:seed_potato":2,"exnihilosequentia:barrel_wood":1,"thermal:peanut_seeds":1,"exnihilosequentia:piece_copper":98,"minecraft:arrow":1,"minecraft:beetroot_seeds":26,"ars_nouveau:worn_notebook":1,"exnihilosequentia:pebble_blackstone":34,"exnihilosequentia:ancient_spores":2,"minecraft:cobblestone":33,"exnihilosequentia:seed_acacia":2,"mana-and-artifice:mark_of_the_undead":1,"exnihilosequentia:seed_sugarcane":2,"exnihilosequentia:piece_gold":113,"exnihilosequentia:piece_aluminum":102,"minecraft:flint":835,"exnihilosequentia:piece_tin":87,"minecraft:oak_log":124,"botania:pebble":828,"minecraft:lapis_lazuli":87,"minecraft:dirt":88,"exnihilosequentia:seed_spruce":2,"jaopca:exnihilosequentia_pieces.netherite_scrap":74,"mekanism:salt":2,"minecraft:apple":5,"minecraft:wheat_seeds":48,"exnihilosequentia:pebble_granite":32,"minecraft:iron_ingot":38,"exnihilosequentia:piece_platinum":89,"exnihilosequentia:grass_seeds":2,"storagedrawers:oak_full_drawers_1":1,"exnihilosequentia:mesh_string":4,"minecraft:oak_slab":2,"exnihilosequentia:seed_jungle":4,"exnihilosequentia:mesh_iron":4,"minecraft:gravel":2010,"exnihilosequentia:pebble_andesite":20,"minecraft:sand":58,"minecraft:spruce_sapling":4,"minecraft:white_bed":2,"minecraft:spider_eye":2,"exnihilosequentia:cooked_silkworm":103,"minecraft:dark_oak_log":48,"exnihilosequentia:piece_zinc":73,"exnihilosequentia:silkworm":538,"jaopca:exnihilosequentia_pieces.cobalt":91,"minecraft:pumpkin_seeds":25,"exnihilosequentia:pebble_basalt":29,"exnihilosequentia:seed_large_fern":2,"minecraft:stone_axe":1,"exnihilosequentia:seed_cactus":2,"xreliquary:chelicerae":1,"minecraft:bone_meal":4,"exnihilosequentia:pebble_stone":189,"minecraft:oak_sapling":34,"minecraft:melon_seeds":28,"exnihilosequentia:piece_iron":167,"jaopca:exnihilosequentia_pieces.crimson_iron":74,"minecraft:coal":230},"minecraft:used":{"exnihilosequentia:hammer_stone":1684,"xreliquary:pedestals/passive/red_passive_pedestal":1,"minecraft:chest":10,"excompressum:compressed_hammer_stone":131,"minecraft:torch":11,"minecraft:dirt":239,"exnihilosequentia:cooked_silkworm":67,"minecraft:iron_axe":32,"exnihilosequentia:crook_wood":483,"minecraft:oak_sapling":8,"minecraft:furnace":5,"tombstone:gift":1,"comforts:sleeping_bag_white":1,"minecraft:dark_oak_sapling":16,"minecraft:wheat_seeds":1,"minecraft:stone_pickaxe":19,"minecraft:cobblestone_slab":365,"minecraft:sand":1,"minecraft:white_bed":3,"exnihilosequentia:barrel_wood":1,"ceramics:cracked_clay_bucket":1,"ceramics:clay_bucket":1,"minecraft:apple":2,"minecraft:string":12,"minecraft:spruce_sapling":5,"minecraft:gravel":95,"exnihilosequentia:sieve":28,"minecraft:stone_axe":188,"minecraft:cobblestone":652,"exnihilosequentia:silkworm":35,"exnihilosequentia:crook_granite":116},"minecraft:killed_by":{"minecraft:player":1},"minecraft:dropped":{"excompressum:compressed_hammer_stone":1,"minecraft:iron_ingot":34,"minecraft:wheat_seeds":22,"minecraft:lapis_lazuli":4,"exnihilosequentia:piece_uranium":14,"exnihilosequentia:pebble_basalt":13,"minecraft:cobblestone":1349,"minecraft:apple":3,"exnihilosequentia:pebble_andesite":17,"minecraft:coal":26,"exnihilosequentia:seed_sugarcane":1,"exnihilosequentia:ancient_spores":1,"storagedrawers:oak_full_drawers_1":1,"exnihilosequentia:piece_tin":7,"exnihilosequentia:mesh_flint":1,"exnihilosequentia:pebble_stone":87,"exnihilosequentia:piece_platinum":7,"jaopca:exnihilosequentia_pieces.crimson_iron":10,"exnihilosequentia:piece_iron":22,"exnihilosequentia:seed_spruce":1,"exnihilosequentia:seed_potato":1,"exnihilosequentia:dust":1,"minecraft:bone_meal":64,"minecraft:sand":57,"exnihilosequentia:cooked_silkworm":135,"thermal:peanut_seeds":1,"minecraft:iron_pickaxe":1,"alltheores:platinum_ingot":2,"exnihilosequentia:seed_acacia":1,"minecraft:string":436,"exnihilosequentia:piece_nickel":13,"ftbquests:book":1,"exnihilosequentia:piece_silver":9,"exnihilosequentia:seed_large_fern":1,"minecraft:spruce_sapling":4,"jaopca:exnihilosequentia_pieces.cobalt":8,"exnihilosequentia:piece_zinc":8,"mana-and-artifice:vinteum_dust":1,"minecraft:gravel":550,"jaopca:exnihilosequentia_pieces.netherite_scrap":11,"exnihilosequentia:hammer_stone":3,"minecraft:stone_axe":1,"exnihilosequentia:chunk_iron":1,"minecraft:player_head":12,"exnihilosequentia:mesh_iron":1,"botania:pebble":147,"minecraft:cocoa_beans":1,"exnihilosequentia:seed_jungle":2,"exnihilosequentia:pebble_diorite":16,"alltheores:copper_ingot":2,"exnihilosequentia:silkworm":42,"jaopca:exnihilosequentia_pieces.azure_silver":11,"exnihilosequentia:piece_aluminum":14,"exnihilosequentia:pebble_granite":16,"minecraft:shears":1,"minecraft:pumpkin_seeds":12,"exnihilosequentia:pebble_blackstone":15,"exnihilosequentia:seed_carrot":2,"minecraft:cobblestone_slab":31,"exnihilosequentia:grass_seeds":1,"exnihilosequentia:crook_granite":2,"exnihilosequentia:piece_gold":15,"minecraft:beetroot_seeds":12,"minecraft:melon_seeds":14,"minecraft:oak_sapling":2,"minecraft:spider_eye":1,"minecraft:wooden_pickaxe":1,"exnihilosequentia:piece_copper":10,"exnihilosequentia:seed_cactus":1,"exnihilosequentia:seed_fern":3,"exnihilosequentia:seed_birch":2,"exnihilosequentia:piece_lead":11,"exnihilosequentia:crook_wood":7,"waterstrainer:strainer_survivalist":1},"minecraft:broken":{"exnihilosequentia:crook_wood":2,"exnihilosequentia:hammer_stone":4,"minecraft:stone_axe":1,"excompressum:compressed_hammer_stone":1},"minecraft:killed":{"minecraft:spider":2,"mana-and-artifice:witch_hunter":1,"minecraft:creeper":2,"eidolon:zombie_brute":1},"minecraft:mined":{"minecraft:white_bed":1,"minecraft:oak_sapling":1,"xreliquary:pedestals/passive/red_passive_pedestal":1,"minecraft:dark_oak_log":123,"minecraft:furnace":1,"minecraft:spruce_sapling":4,"exnihilosequentia:sieve":28,"minecraft:cobblestone_slab":18,"minecraft:tripwire":16,"minecraft:torch":8,"exnihilosequentia:infesting_leaves":2,"minecraft:cobblestone":1747,"minecraft:wall_torch":4,"minecraft:oak_log":41,"minecraft:dirt":6,"minecraft:gravel":154,"minecraft:sand":2,"exnihilosequentia:infested_leaves":648,"minecraft:oak_leaves":157}},"DataVersion":2586}