{"stats":{"minecraft:crafted":{"excompressum:compressed_hammer_stone":1,"exnihilosequentia:crook_wood":5,"minecraft:furnace":3,"mana-and-artifice:wand":1,"minecraft:air":609,"exnihilosequentia:mesh_string":7,"exnihilosequentia:cooked_silkworm":41,"minecraft:charcoal":3,"minecraft:stick":8,"minecraft:iron_ingot":5,"minecraft:gold_ingot":6,"minecraft:chest":5,"exnihilosequentia:hammer_stone":11,"exnihilosequentia:mesh_flint":5},"minecraft:custom":{"minecraft:interact_with_furnace":28,"minecraft:interact_with_crafting_table":47,"minecraft:play_one_minute":97236,"minecraft:time_since_death":42067,"minecraft:sleep_in_bed":2,"minecraft:time_since_rest":42105,"minecraft:sprint_one_cm":45226,"minecraft:damage_taken":881,"minecraft:walk_one_cm":101467,"minecraft:drop":96,"minecraft:damage_dealt":120,"minecraft:fly_one_cm":18029,"minecraft:open_chest":238,"minecraft:crouch_one_cm":18296,"minecraft:deaths":3,"minecraft:sneak_time":8417,"minecraft:walk_under_water_one_cm":4891,"minecraft:jump":231,"minecraft:walk_on_water_one_cm":556,"minecraft:fall_one_cm":4524},"minecraft:picked_up":{"minecraft:cocoa_beans":2,"exnihilosequentia:piece_uranium":31,"exnihilosequentia:mesh_flint":11,"exnihilosequentia:piece_gold":22,"exnihilosequentia:piece_nickel":15,"minecraft:wooden_pickaxe":1,"exnihilosequentia:piece_aluminum":25,"exnihilosequentia:piece_silver":17,"exnihilosequentia:piece_tin":16,"minecraft:flint":204,"minecraft:oak_log":29,"minecraft:lapis_lazuli":18,"botania:pebble":358,"minecraft:string":436,"minecraft:dirt":14,"exnihilosequentia:dust":1,"jaopca:exnihilosequentia_pieces.netherite_scrap":22,"minecraft:apple":1,"exnihilosequentia:pebble_diorite":2,"minecraft:wheat_seeds":4,"comforts:sleeping_bag_white":1,"minecraft:iron_ingot":6,"exnihilosequentia:pebble_granite":2,"exnihilosequentia:piece_platinum":13,"excompressum:compressed_hammer_stone":1,"minecraft:cobblestone_slab":36,"storagedrawers:oak_full_drawers_1":1,"minecraft:furnace":1,"exnihilosequentia:piece_lead":22,"minecraft:dark_oak_sapling":6,"exnihilosequentia:sieve":11,"exnihilosequentia:mesh_string":4,"minecraft:oak_slab":2,"minecraft:stick":17,"jaopca:exnihilosequentia_pieces.azure_silver":27,"mana-and-artifice:vinteum_dust":6,"minecraft:gravel":367,"minecraft:sand":58,"exnihilosequentia:pebble_andesite":3,"minecraft:spruce_sapling":4,"minecraft:white_bed":1,"exnihilosequentia:piece_zinc":16,"minecraft:dark_oak_log":48,"exnihilosequentia:silkworm":102,"exnihilosequentia:barrel_wood":1,"jaopca:exnihilosequentia_pieces.cobalt":21,"exnihilosequentia:piece_copper":24,"minecraft:pumpkin_seeds":1,"exnihilosequentia:pebble_basalt":3,"minecraft:stone_axe":1,"minecraft:beetroot_seeds":2,"ars_nouveau:worn_notebook":1,"exnihilosequentia:piece_iron":35,"minecraft:bone_meal":1,"jaopca:exnihilosequentia_pieces.crimson_iron":16,"minecraft:coal":50,"exnihilosequentia:pebble_stone":15,"minecraft:oak_sapling":6,"minecraft:melon_seeds":2,"exnihilosequentia:pebble_blackstone":4,"minecraft:cobblestone":33},"minecraft:used":{"minecraft:wheat_seeds":1,"exnihilosequentia:hammer_stone":288,"xreliquary:pedestals/passive/red_passive_pedestal":1,"minecraft:stone_pickaxe":17,"minecraft:chest":9,"excompressum:compressed_hammer_stone":59,"minecraft:cobblestone_slab":296,"minecraft:sand":1,"minecraft:dirt":7,"exnihilosequentia:cooked_silkworm":7,"minecraft:white_bed":1,"exnihilosequentia:barrel_wood":1,"ceramics:cracked_clay_bucket":1,"ceramics:clay_bucket":1,"minecraft:apple":2,"minecraft:string":3,"minecraft:gravel":95,"minecraft:spruce_sapling":5,"exnihilosequentia:sieve":11,"minecraft:stone_axe":65,"minecraft:cobblestone":142,"minecraft:furnace":5,"minecraft:oak_sapling":1,"tombstone:gift":1,"exnihilosequentia:silkworm":35,"comforts:sleeping_bag_white":1,"exnihilosequentia:crook_granite":116,"minecraft:dark_oak_sapling":12},"minecraft:dropped":{"mana-and-artifice:vinteum_dust":1,"minecraft:iron_ingot":2,"minecraft:gravel":68,"excompressum:compressed_hammer_stone":1,"jaopca:exnihilosequentia_pieces.netherite_scrap":11,"exnihilosequentia:hammer_stone":1,"minecraft:stone_axe":1,"exnihilosequentia:chunk_iron":1,"minecraft:lapis_lazuli":2,"minecraft:player_head":12,"minecraft:cocoa_beans":1,"botania:pebble":1,"exnihilosequentia:piece_uranium":14,"minecraft:cobblestone":640,"exnihilosequentia:silkworm":40,"jaopca:exnihilosequentia_pieces.azure_silver":10,"exnihilosequentia:piece_aluminum":14,"exnihilosequentia:pebble_granite":1,"minecraft:coal":25,"storagedrawers:oak_full_drawers_1":1,"exnihilosequentia:piece_tin":6,"exnihilosequentia:crook_granite":1,"exnihilosequentia:mesh_flint":1,"exnihilosequentia:piece_gold":11,"exnihilosequentia:piece_platinum":7,"jaopca:exnihilosequentia_pieces.crimson_iron":10,"minecraft:melon_seeds":1,"exnihilosequentia:piece_iron":19,"exnihilosequentia:dust":1,"minecraft:sand":57,"minecraft:wooden_pickaxe":1,"exnihilosequentia:piece_copper":10,"exnihilosequentia:piece_lead":10,"exnihilosequentia:piece_nickel":12,"jaopca:exnihilosequentia_pieces.cobalt":8,"exnihilosequentia:piece_zinc":8,"exnihilosequentia:piece_silver":9,"minecraft:string":299,"ftbquests:book":1,"exnihilosequentia:crook_wood":5,"minecraft:spruce_sapling":4,"waterstrainer:strainer_survivalist":1},"minecraft:mined":{"minecraft:oak_sapling":1,"xreliquary:pedestals/passive/red_passive_pedestal":1,"minecraft:dark_oak_log":48,"exnihilosequentia:infesting_leaves":2,"minecraft:cobblestone":288,"minecraft:spruce_sapling":4,"minecraft:furnace":1,"exnihilosequentia:sieve":11,"minecraft:oak_log":10,"minecraft:cobblestone_slab":16,"minecraft:sand":2,"minecraft:gravel":153,"minecraft:dirt":1,"minecraft:tripwire":3,"minecraft:oak_leaves":20,"exnihilosequentia:infested_leaves":101}},"DataVersion":2586}