{"stats":{"minecraft:crafted":{"excompressum:compressed_hammer_stone":1,"exnihilosequentia:crook_wood":1,"minecraft:furnace":3,"minecraft:air":132,"exnihilosequentia:mesh_string":2,"minecraft:charcoal":3,"minecraft:stick":8,"minecraft:chest":1,"exnihilosequentia:hammer_stone":11},"minecraft:picked_up":{"minecraft:wooden_pickaxe":1,"minecraft:oak_log":20,"botania:pebble":100,"minecraft:string":208,"minecraft:dirt":5,"exnihilosequentia:dust":1,"exnihilosequentia:pebble_diorite":2,"minecraft:wheat_seeds":3,"comforts:sleeping_bag_white":1,"exnihilosequentia:pebble_granite":2,"excompressum:compressed_hammer_stone":1,"minecraft:cobblestone_slab":24,"exnihilosequentia:sieve":3,"exnihilosequentia:mesh_string":1,"minecraft:stick":15,"minecraft:gravel":41,"minecraft:sand":1,"exnihilosequentia:pebble_andesite":3,"minecraft:white_bed":1,"exnihilosequentia:silkworm":62,"exnihilosequentia:barrel_wood":1,"minecraft:pumpkin_seeds":1,"exnihilosequentia:pebble_basalt":3,"minecraft:beetroot_seeds":2,"ars_nouveau:worn_notebook":1,"exnihilosequentia:pebble_stone":15,"minecraft:oak_sapling":6,"minecraft:melon_seeds":2,"exnihilosequentia:pebble_blackstone":4,"minecraft:cobblestone":33},"minecraft:custom":{"minecraft:interact_with_furnace":3,"minecraft:interact_with_crafting_table":23,"minecraft:play_one_minute":49236,"minecraft:time_since_death":40941,"minecraft:sleep_in_bed":2,"minecraft:time_since_rest":20143,"minecraft:sprint_one_cm":13061,"minecraft:damage_taken":645,"minecraft:walk_one_cm":31025,"minecraft:drop":28,"minecraft:damage_dealt":10,"minecraft:fly_one_cm":6177,"minecraft:open_chest":100,"minecraft:crouch_one_cm":9400,"minecraft:deaths":2,"minecraft:sneak_time":4507,"minecraft:walk_under_water_one_cm":4891,"minecraft:jump":98,"minecraft:walk_on_water_one_cm":556,"minecraft:fall_one_cm":2407},"minecraft:used":{"exnihilosequentia:hammer_stone":42,"xreliquary:pedestals/passive/red_passive_pedestal":1,"minecraft:stone_pickaxe":6,"minecraft:chest":1,"excompressum:compressed_hammer_stone":3,"minecraft:cobblestone_slab":125,"minecraft:dirt":2,"minecraft:white_bed":1,"exnihilosequentia:barrel_wood":1,"ceramics:cracked_clay_bucket":1,"ceramics:clay_bucket":1,"minecraft:gravel":1,"minecraft:spruce_sapling":1,"exnihilosequentia:sieve":3,"minecraft:stone_axe":9,"minecraft:cobblestone":63,"minecraft:furnace":1,"minecraft:oak_sapling":1,"tombstone:gift":1,"exnihilosequentia:silkworm":26,"comforts:sleeping_bag_white":1,"exnihilosequentia:crook_granite":49},"minecraft:dropped":{"minecraft:gravel":35,"excompressum:compressed_hammer_stone":1,"exnihilosequentia:hammer_stone":1,"minecraft:player_head":12,"botania:pebble":1,"exnihilosequentia:pebble_granite":1,"minecraft:melon_seeds":1,"exnihilosequentia:dust":1,"minecraft:sand":1,"minecraft:wooden_pickaxe":1,"minecraft:string":89,"ftbquests:book":1,"exnihilosequentia:crook_wood":1,"minecraft:spruce_sapling":4},"minecraft:mined":{"minecraft:oak_sapling":1,"xreliquary:pedestals/passive/red_passive_pedestal":1,"exnihilosequentia:infesting_leaves":2,"minecraft:cobblestone":43,"exnihilosequentia:sieve":3,"minecraft:oak_log":10,"minecraft:cobblestone_slab":5,"minecraft:sand":1,"minecraft:gravel":1,"minecraft:dirt":1,"minecraft:oak_leaves":20,"exnihilosequentia:infested_leaves":34}},"DataVersion":2586}