{"stats":{"minecraft:crafted":{"exnihilosequentia:mesh_string":1,"excompressum:compressed_hammer_stone":1,"minecraft:charcoal":3,"exnihilosequentia:crook_wood":1,"minecraft:stick":8,"minecraft:chest":1,"minecraft:furnace":3,"exnihilosequentia:hammer_stone":11,"minecraft:air":132},"minecraft:picked_up":{"exnihilosequentia:mesh_string":1,"exnihilosequentia:sieve":3,"minecraft:stick":15,"minecraft:wooden_pickaxe":1,"minecraft:oak_log":20,"minecraft:white_bed":1,"minecraft:dirt":5,"exnihilosequentia:barrel_wood":1,"minecraft:string":208,"botania:pebble":100,"exnihilosequentia:silkworm":62,"minecraft:wheat_seeds":1,"ars_nouveau:worn_notebook":1,"comforts:sleeping_bag_white":1,"exnihilosequentia:pebble_granite":1,"exnihilosequentia:pebble_stone":1,"minecraft:cobblestone_slab":24,"minecraft:melon_seeds":1,"minecraft:oak_sapling":6,"minecraft:cobblestone":33},"minecraft:custom":{"minecraft:time_since_rest":8143,"minecraft:interact_with_furnace":3,"minecraft:sprint_one_cm":11166,"minecraft:damage_taken":500,"minecraft:walk_one_cm":20642,"minecraft:drop":23,"minecraft:damage_dealt":10,"minecraft:interact_with_crafting_table":21,"minecraft:fly_one_cm":5698,"minecraft:open_chest":68,"minecraft:crouch_one_cm":9217,"minecraft:play_one_minute":37236,"minecraft:deaths":2,"minecraft:sneak_time":4216,"minecraft:walk_under_water_one_cm":4891,"minecraft:jump":61,"minecraft:walk_on_water_one_cm":556,"minecraft:time_since_death":28941,"minecraft:sleep_in_bed":2,"minecraft:fall_one_cm":952},"minecraft:used":{"minecraft:stone_pickaxe":5,"minecraft:chest":1,"minecraft:spruce_sapling":1,"minecraft:cobblestone_slab":125,"exnihilosequentia:sieve":2,"minecraft:stone_axe":9,"minecraft:dirt":2,"minecraft:oak_sapling":1,"minecraft:furnace":1,"minecraft:white_bed":1,"tombstone:gift":1,"exnihilosequentia:silkworm":14,"comforts:sleeping_bag_white":1,"exnihilosequentia:barrel_wood":1,"exnihilosequentia:crook_granite":47,"ceramics:cracked_clay_bucket":1,"ceramics:clay_bucket":1},"minecraft:dropped":{"excompressum:compressed_hammer_stone":1,"exnihilosequentia:hammer_stone":1,"minecraft:player_head":12,"botania:pebble":1,"minecraft:melon_seeds":1,"minecraft:wooden_pickaxe":1,"exnihilosequentia:pebble_granite":1,"minecraft:string":89,"ftbquests:book":1,"minecraft:spruce_sapling":4,"exnihilosequentia:crook_wood":1},"minecraft:mined":{"minecraft:oak_sapling":1,"exnihilosequentia:sieve":3,"minecraft:oak_log":10,"minecraft:cobblestone_slab":5,"minecraft:dirt":1,"exnihilosequentia:infested_leaves":34,"minecraft:oak_leaves":20}},"DataVersion":2586}