{"stats":{"minecraft:mined":{"minecraft:spruce_planks":5,"minecraft:snow_block":11,"minecraft:smoker":2,"minecraft:powder_snow":14,"minecraft:crafting_table":3,"perfectplushies:cat_plushie":1,"perfectplushies:dumbo_blob_plushie":2,"minecraft:blast_furnace":2,"minecraft:grass_block":2,"minecraft:cobblestone":26,"minecraft:spruce_leaves":1,"minecraft:composter":1,"minecraft:large_fern":1,"minecraft:furnace":3,"minecraft:snow":1,"minecraft:spruce_log":351,"minecraft:grass":2,"minecraft:coal_ore":12,"minecraft:vine":2,"minecraft:dirt_path":4,"minecraft:dirt":11,"minecraft:stone":37},"minecraft:used":{"minecraft:moss_carpet":4,"minecraft:stone_shovel":26,"perfectplushies:doe_plushie":1,"minecraft:stone_pickaxe":55,"minecraft:poppy":2,"minecraft:spruce_planks":10,"minecraft:chest":2,"minecraft:wooden_pickaxe":9,"minecraft:iron_sword":3,"minecraft:torch":4,"minecraft:dirt":14,"minecraft:crafting_table":4,"minecraft:red_bed":2,"minecraft:blast_furnace":1,"perfectplushies:cat_plushie":1,"minecraft:snowball":13,"minecraft:smoker":1,"minecraft:wooden_axe":37,"minecraft:iron_axe":273,"minecraft:bread":5,"minecraft:iron_pickaxe":19,"minecraft:spruce_trapdoor":6,"minecraft:stone_axe":109,"minecraft:cobblestone":32,"perfectplushies:dumbo_blob_plushie":2,"minecraft:furnace":3},"minecraft:killed":{"minecraft:iron_golem":3,"creeperoverhaul:snowy_creeper":1},"minecraft:dropped":{"minecraft:cobblestone":3,"minecraft:stick":16,"minecraft:poppy":1,"minecraft:wooden_axe":1,"minecraft:snowball":32,"minecraft:spruce_log":17,"minecraft:wooden_pickaxe":1,"minecraft:stone_pickaxe":1,"minecraft:iron_pickaxe":1},"minecraft:crafted":{"minecraft:stone_shovel":1,"minecraft:crafting_table":1,"minecraft:spruce_planks":92,"minecraft:wooden_pickaxe":1,"minecraft:iron_sword":1,"minecraft:stone_axe":1,"minecraft:spruce_trapdoor":10,"minecraft:iron_axe":2,"minecraft:stick":20,"minecraft:stone_pickaxe":2,"minecraft:wooden_axe":1,"minecraft:stone_sword":1,"minecraft:chest":2,"minecraft:torch":20},"minecraft:picked_up":{"minecraft:crafting_table":3,"perfectplushies:dumbo_blob_plushie":2,"minecraft:smoker":2,"minecraft:blue_bed":1,"minecraft:dirt":14,"minecraft:moss_carpet":4,"minecraft:raw_copper":38,"minecraft:spruce_planks":3,"minecraft:iron_ingot":32,"minecraft:poppy":3,"minecraft:furnace":3,"minecraft:stick":132,"minecraft:composter":1,"minecraft:spruce_sapling":176,"minecraft:blast_furnace":2,"minecraft:white_bed":1,"minecraft:spruce_log":350,"perfectplushies:cat_plushie":1,"minecraft:coal":14,"minecraft:snowball":45,"minecraft:cobblestone":66},"minecraft:custom":{"minecraft:mob_kills":4,"minecraft:interact_with_crafting_table":12,"minecraft:open_barrel":3,"minecraft:time_since_death":35905,"minecraft:sleep_in_bed":2,"minecraft:climb_one_cm":214,"minecraft:time_since_rest":1490,"minecraft:sprint_one_cm":41715,"minecraft:damage_taken":212,"minecraft:walk_one_cm":152963,"minecraft:drop":10,"minecraft:damage_dealt":2815,"minecraft:talked_to_villager":9,"minecraft:fly_one_cm":59140,"minecraft:open_chest":16,"minecraft:crouch_one_cm":5918,"minecraft:play_time":35905,"minecraft:sneak_time":2963,"minecraft:jump":459,"minecraft:walk_on_water_one_cm":1211,"minecraft:total_world_time":35905,"minecraft:fall_one_cm":11084},"minecraft:broken":{"minecraft:iron_axe":1,"minecraft:stone_axe":1}},"DataVersion":3465}