{"stats":{"minecraft:used":{"minecraft:wooden_axe":37,"minecraft:moss_carpet":4,"minecraft:stone_shovel":8,"minecraft:stone_pickaxe":45,"minecraft:wooden_pickaxe":9,"minecraft:stone_axe":6,"minecraft:cobblestone":6,"minecraft:crafting_table":3,"perfectplushies:cat_plushie":1},"minecraft:mined":{"minecraft:large_fern":1,"minecraft:furnace":3,"minecraft:snow_block":8,"minecraft:spruce_log":40,"minecraft:powder_snow":14,"minecraft:crafting_table":3,"minecraft:grass":2,"minecraft:blast_furnace":1,"minecraft:coal_ore":12,"minecraft:cobblestone":9,"minecraft:stone":29},"minecraft:dropped":{"minecraft:wooden_axe":1,"minecraft:snowball":32,"minecraft:cobblestone":3,"minecraft:spruce_log":17,"minecraft:stone_pickaxe":1,"minecraft:wooden_pickaxe":1,"minecraft:stick":16},"minecraft:crafted":{"minecraft:stone_shovel":1,"minecraft:crafting_table":1,"minecraft:spruce_planks":28,"minecraft:stick":20,"minecraft:wooden_pickaxe":1,"minecraft:wooden_axe":1,"minecraft:stone_pickaxe":2,"minecraft:stone_sword":1,"minecraft:torch":20,"minecraft:stone_axe":1},"minecraft:picked_up":{"minecraft:stick":16,"minecraft:crafting_table":3,"minecraft:spruce_sapling":28,"minecraft:blast_furnace":1,"minecraft:white_bed":1,"minecraft:spruce_log":40,"minecraft:blue_bed":1,"minecraft:moss_carpet":4,"minecraft:coal":12,"minecraft:snowball":32,"minecraft:cobblestone":41,"minecraft:furnace":3},"minecraft:custom":{"minecraft:time_since_rest":342,"minecraft:sprint_one_cm":6692,"minecraft:damage_taken":80,"minecraft:walk_one_cm":47874,"minecraft:drop":8,"minecraft:talked_to_villager":1,"minecraft:interact_with_crafting_table":7,"minecraft:fly_one_cm":16282,"minecraft:open_chest":1,"minecraft:crouch_one_cm":953,"minecraft:play_time":11905,"minecraft:sneak_time":426,"minecraft:jump":123,"minecraft:time_since_death":11905,"minecraft:walk_on_water_one_cm":1168,"minecraft:sleep_in_bed":1,"minecraft:total_world_time":11905,"minecraft:fall_one_cm":1053}},"DataVersion":3465}