{"stats":{"minecraft:custom":{"minecraft:mob_kills":8,"minecraft:interact_with_crafting_table":102,"minecraft:leave_game":1,"minecraft:time_since_death":30969,"minecraft:sprint_one_cm":255142,"minecraft:walk_one_cm":301150,"minecraft:drop":236,"minecraft:deaths":5,"minecraft:sneak_time":19778,"minecraft:walk_under_water_one_cm":6160,"minecraft:jump":1131,"minecraft:walk_on_water_one_cm":6960,"minecraft:interact_with_furnace":86,"minecraft:play_one_minute":271609,"minecraft:sleep_in_bed":6,"minecraft:time_since_rest":31000,"tramplestopper:farmland_saved":1,"minecraft:damage_taken":2701,"minecraft:damage_dealt":1911,"minecraft:player_kills":1,"minecraft:swim_one_cm":484,"minecraft:fly_one_cm":160339,"minecraft:open_chest":628,"minecraft:crouch_one_cm":53062,"tombstone:undead_killed":1,"minecraft:fall_one_cm":31580},"minecraft:killed_by":{"minecraft:player":2},"minecraft:picked_up":{"minecraft:cocoa_beans":8,"minecraft:wheat":8,"exnihilosequentia:piece_uranium":207,"waterstrainer:strainer_survivalist":8,"exnihilosequentia:mesh_flint":25,"minecraft:prismarine_shard":5,"thermal:cinnabar":58,"minecraft:wooden_pickaxe":1,"exnihilosequentia:piece_nickel":176,"exnihilosequentia:piece_silver":196,"minecraft:brick":2,"alltheores:platinum_ingot":2,"exnihilosequentia:seed_carrot":4,"minecraft:string":1921,"exnihilosequentia:seed_birch":6,"minecraft:flint_and_steel":1,"exnihilosequentia:dust":1,"ars_nouveau:mana_gem":2,"thermal:sulfur":92,"exnihilosequentia:pebble_diorite":37,"mysticalagriculture:inferium_essence":2,"exnihilosequentia:seed_fern":6,"comforts:sleeping_bag_white":1,"excompressum:compressed_hammer_stone":1,"minecraft:cobblestone_slab":52,"thermal:niter":40,"minecraft:iron_nugget":1,"minecraft:chest":1,"exnihilosequentia:piece_lead":195,"minecraft:furnace":1,"minecraft:dark_oak_sapling":10,"exnihilosequentia:sieve":32,"minecraft:stick":72,"alltheores:copper_ingot":2,"jaopca:exnihilosequentia_pieces.azure_silver":185,"mana-and-artifice:vinteum_dust":18,"minecraft:torch":12,"exnihilosequentia:seed_potato":2,"compressium:gravel_1":8,"tombstone:grave_dust":1,"exnihilosequentia:barrel_wood":1,"thermal:apatite":82,"exnihilosequentia:piece_copper":184,"thermal:peanut_seeds":1,"minecraft:arrow":1,"minecraft:beetroot_seeds":29,"ars_nouveau:worn_notebook":1,"waterstrainer:worm_bin":1,"exnihilosequentia:pebble_blackstone":39,"waterstrainer:worm":12,"minecraft:cobblestone":33,"exnihilosequentia:ancient_spores":3,"exnihilosequentia:seed_acacia":2,"mana-and-artifice:mark_of_the_undead":1,"iceandfire:sapphire_gem":3,"exnihilosequentia:seed_sugarcane":2,"minecraft:water_bucket":1,"exnihilosequentia:piece_gold":214,"exnihilosequentia:piece_aluminum":189,"minecraft:flint":1168,"exnihilosequentia:piece_tin":191,"minecraft:oak_log":124,"botania:pebble":839,"minecraft:lapis_lazuli":125,"minecraft:dirt":124,"exnihilosequentia:seed_spruce":3,"jaopca:exnihilosequentia_pieces.netherite_scrap":174,"mekanism:salt":2,"minecraft:apple":5,"minecraft:wheat_seeds":70,"exnihilosequentia:pebble_granite":35,"minecraft:iron_ingot":38,"exnihilosequentia:piece_platinum":198,"exnihilosequentia:grass_seeds":2,"waterstrainer:bait_pot":1,"storagedrawers:oak_full_drawers_1":1,"exnihilosequentia:mesh_string":4,"minecraft:oak_slab":2,"exnihilosequentia:seed_jungle":5,"exnihilosequentia:mesh_iron":9,"minecraft:gravel":2392,"minecraft:lava_bucket":1,"exnihilosequentia:pebble_andesite":26,"minecraft:sand":68,"silentgear:bort":4,"minecraft:spruce_sapling":4,"minecraft:white_bed":2,"minecraft:spider_eye":2,"exnihilosequentia:piece_zinc":154,"minecraft:dark_oak_log":48,"exnihilosequentia:silkworm":538,"exnihilosequentia:cooked_silkworm":103,"jaopca:exnihilosequentia_pieces.cobalt":187,"forbidden_arcanus:arcane_crystal":5,"minecraft:pumpkin_seeds":30,"exnihilosequentia:pebble_basalt":36,"exnihilosequentia:seed_large_fern":2,"minecraft:diamond":7,"minecraft:stone_axe":1,"waterstrainer:strainer_base":8,"exnihilosequentia:seed_cactus":3,"xreliquary:chelicerae":1,"compressium:cobblestone_1":7,"mekanism:fluorite_gem":3,"minecraft:bone_meal":4,"minecraft:emerald":3,"thermal:ruby":6,"exnihilosequentia:pebble_stone":216,"minecraft:oak_sapling":39,"minecraft:melon_seeds":32,"exnihilosequentia:piece_iron":373,"jaopca:exnihilosequentia_pieces.crimson_iron":161,"minecraft:coal":324,"quark:biotite":2},"minecraft:killed":{"minecraft:spider":2,"mana-and-artifice:witch_hunter":1,"minecraft:creeper":2,"eidolon:zombie_brute":1},"minecraft:used":{"exnihilosequentia:hammer_stone":1698,"xreliquary:pedestals/passive/red_passive_pedestal":1,"minecraft:chest":10,"excompressum:compressed_hammer_stone":174,"minecraft:torch":11,"minecraft:dirt":263,"exnihilosequentia:cooked_silkworm":85,"waterstrainer:garden_trowel":23,"minecraft:iron_axe":47,"waterstrainer:worm_bin":2,"exnihilosequentia:crook_wood":483,"minecraft:oak_sapling":8,"minecraft:furnace":5,"tombstone:gift":1,"comforts:sleeping_bag_white":1,"minecraft:dark_oak_sapling":16,"waterstrainer:strainer_base":12,"minecraft:wheat_seeds":4,"minecraft:water_bucket":8,"minecraft:stone_pickaxe":23,"cyclic:workbench":1,"minecraft:cobblestone_slab":365,"minecraft:sand":1,"minecraft:white_bed":3,"exnihilosequentia:barrel_wood":1,"ceramics:cracked_clay_bucket":1,"ceramics:clay_bucket":2,"minecraft:apple":2,"craftingstation:crafting_station":4,"minecraft:string":12,"minecraft:spruce_sapling":5,"minecraft:gravel":95,"exnihilosequentia:sieve":32,"minecraft:stone_axe":188,"minecraft:cobblestone":659,"minecraft:bucket":6,"exnihilosequentia:silkworm":35,"exnihilosequentia:crook_granite":116},"minecraft:crafted":{"minecraft:brick":6,"exnihilosequentia:mesh_iron":3,"exnihilosequentia:crucible_fired":1,"akashictome:tome":1,"minecraft:furnace":3,"mana-and-artifice:wand":1,"minecraft:iron_bars":32,"minecraft:hopper":4,"minecraft:iron_axe":1,"waterstrainer:string_mesh":2,"minecraft:chest":5,"minecraft:netherite_scrap":27,"exnihilosequentia:hammer_stone":12,"exnihilosequentia:mesh_flint":5,"minecraft:oak_slab":30,"excompressum:compressed_hammer_stone":1,"exnihilosequentia:crook_wood":5,"minecraft:crafting_table":5,"minecraft:bucket":3,"minecraft:air":4810,"exnihilosequentia:mesh_string":7,"exnihilosequentia:cooked_silkworm":198,"minecraft:charcoal":3,"minecraft:stick":8,"minecraft:iron_ingot":53,"minecraft:iron_pickaxe":1,"minecraft:gold_ingot":34},"minecraft:mined":{"minecraft:white_bed":1,"minecraft:oak_sapling":1,"xreliquary:pedestals/passive/red_passive_pedestal":1,"minecraft:dark_oak_log":123,"minecraft:grass_block":1,"minecraft:furnace":1,"minecraft:spruce_sapling":4,"exnihilosequentia:sieve":32,"minecraft:cobblestone_slab":22,"waterstrainer:worm_bin":1,"minecraft:tripwire":16,"minecraft:torch":8,"exnihilosequentia:infesting_leaves":2,"minecraft:cobblestone":1748,"minecraft:wall_torch":4,"compressium:cobblestone_1":56,"minecraft:wheat":1,"minecraft:oak_log":41,"minecraft:sand":2,"minecraft:gravel":154,"minecraft:dirt":29,"waterstrainer:strainer_base":7,"exnihilosequentia:infested_leaves":648,"minecraft:oak_leaves":157},"minecraft:dropped":{"minecraft:water_bucket":2,"excompressum:compressed_hammer_stone":2,"minecraft:iron_ingot":34,"thermal:ruby":1,"minecraft:wheat_seeds":23,"minecraft:lapis_lazuli":12,"minecraft:diamond":1,"exnihilosequentia:piece_uranium":20,"exnihilosequentia:pebble_basalt":13,"minecraft:cobblestone":1349,"compressium:gravel_1":4,"minecraft:apple":3,"exnihilosequentia:pebble_andesite":17,"minecraft:coal":29,"minecraft:flint":26,"minecraft:stick":1,"exnihilosequentia:seed_sugarcane":1,"minecraft:lava_bucket":1,"exnihilosequentia:ancient_spores":1,"storagedrawers:oak_full_drawers_1":1,"exnihilosequentia:piece_tin":12,"exnihilosequentia:mesh_flint":1,"exnihilosequentia:piece_platinum":8,"exnihilosequentia:pebble_stone":87,"jaopca:exnihilosequentia_pieces.crimson_iron":15,"exnihilosequentia:piece_iron":42,"exnihilosequentia:seed_spruce":1,"exnihilosequentia:seed_potato":1,"exnihilosequentia:dust":1,"exnihilosequentia:crucible_fired":1,"minecraft:bone_meal":64,"minecraft:sand":57,"exnihilosequentia:cooked_silkworm":135,"thermal:peanut_seeds":1,"minecraft:iron_pickaxe":1,"alltheores:platinum_ingot":2,"minecraft:string":436,"exnihilosequentia:piece_nickel":18,"exnihilosequentia:seed_acacia":1,"exnihilosequentia:piece_silver":14,"ftbquests:book":1,"exnihilosequentia:seed_large_fern":1,"thermal:sulfur":10,"exnihilosequentia:piece_zinc":11,"minecraft:spruce_sapling":4,"jaopca:exnihilosequentia_pieces.cobalt":14,"mana-and-artifice:vinteum_dust":1,"minecraft:gravel":550,"jaopca:exnihilosequentia_pieces.netherite_scrap":25,"exnihilosequentia:hammer_stone":6,"minecraft:stone_axe":1,"exnihilosequentia:chunk_iron":1,"minecraft:player_head":12,"exnihilosequentia:mesh_iron":2,"thermal:apatite":6,"botania:pebble":147,"minecraft:cocoa_beans":1,"exnihilosequentia:seed_jungle":2,"exnihilosequentia:pebble_diorite":16,"alltheores:copper_ingot":2,"minecraft:clay_ball":2,"exnihilosequentia:silkworm":42,"jaopca:exnihilosequentia_pieces.azure_silver":17,"exnihilosequentia:piece_aluminum":17,"exnihilosequentia:pebble_granite":16,"minecraft:shears":1,"minecraft:pumpkin_seeds":12,"exnihilosequentia:pebble_blackstone":15,"minecraft:flint_and_steel":1,"exnihilosequentia:seed_carrot":2,"iceandfire:sapphire_gem":1,"minecraft:cobblestone_slab":31,"exnihilosequentia:grass_seeds":1,"exnihilosequentia:crook_granite":2,"exnihilosequentia:piece_gold":21,"thermal:cinnabar":3,"minecraft:beetroot_seeds":12,"minecraft:melon_seeds":14,"minecraft:oak_sapling":2,"minecraft:spider_eye":1,"compressium:cobblestone_1":55,"minecraft:wooden_pickaxe":1,"exnihilosequentia:piece_copper":17,"exnihilosequentia:seed_cactus":1,"thermal:niter":4,"exnihilosequentia:seed_fern":3,"exnihilosequentia:seed_birch":2,"exnihilosequentia:piece_lead":15,"exnihilosequentia:crook_wood":7,"waterstrainer:strainer_survivalist":1},"minecraft:broken":{"exnihilosequentia:crook_wood":2,"exnihilosequentia:hammer_stone":4,"minecraft:stone_axe":1,"excompressum:compressed_hammer_stone":1}},"DataVersion":2586}