{"stats":{"minecraft:crafted":{"minecraft:air":169},"minecraft:picked_up":{"minecraft:oak_slab":4,"minecraft:stick":3,"minecraft:oak_log":11,"botania:pebble":101,"minecraft:dirt":51,"exnihilosequentia:crook_wood":1,"mob_grinding_utils:ender_inhibitor_on":1,"ars_nouveau:worn_notebook":1,"ftbquests:book":1,"minecraft:cobblestone_slab":1,"minecraft:player_head":1,"minecraft:oak_sapling":4,"minecraft:cobblestone":62},"minecraft:custom":{"minecraft:time_since_rest":28514,"minecraft:sprint_one_cm":137,"minecraft:walk_one_cm":28554,"minecraft:drop":6,"minecraft:swim_one_cm":771,"minecraft:interact_with_crafting_table":11,"minecraft:fly_one_cm":26,"minecraft:open_chest":12,"minecraft:crouch_one_cm":39917,"minecraft:play_one_minute":28514,"minecraft:sneak_time":10933,"minecraft:walk_under_water_one_cm":3003,"minecraft:jump":135,"minecraft:time_since_death":28514,"minecraft:walk_on_water_one_cm":3833,"minecraft:fall_one_cm":687},"minecraft:used":{"mob_grinding_utils:ender_inhibitor_on":1,"minecraft:stone_pickaxe":40,"minecraft:oak_planks":2,"minecraft:chest":1,"minecraft:wooden_pickaxe":36,"minecraft:cobblestone_slab":80,"minecraft:player_head":1,"minecraft:dirt":41,"minecraft:crafting_table":1,"minecraft:oak_slab":9,"minecraft:oak_sapling":2,"minecraft:ice":1,"exnihilosequentia:crook_granite":1,"ceramics:clay_bucket":7},"minecraft:dropped":{"minecraft:cobblestone_slab":18,"ars_nouveau:worn_notebook":1,"botania:pebble":64,"minecraft:cobblestone":14,"minecraft:wooden_pickaxe":1},"minecraft:mined":{"minecraft:oak_slab":2,"minecraft:oak_sapling":1,"mob_grinding_utils:ender_inhibitor_on":1,"minecraft:ice":1,"minecraft:grass_block":10,"minecraft:oak_log":11,"minecraft:cobblestone_slab":2,"minecraft:dirt":43,"minecraft:cobblestone":74,"minecraft:player_head":1,"minecraft:oak_leaves":9}},"DataVersion":2586}