{"stats":{"minecraft:crafted":{"minecraft:oak_slab":6,"minecraft:air":478,"minecraft:charcoal":8,"minecraft:stick":4,"exnihilosequentia:barrel_wood":1,"exnihilosequentia:sieve":1},"minecraft:custom":{"minecraft:interact_with_furnace":5,"minecraft:interact_with_crafting_table":33,"minecraft:play_one_minute":64514,"minecraft:time_since_death":64514,"minecraft:sleep_in_bed":1,"minecraft:time_since_rest":20143,"minecraft:walk_one_cm":124957,"minecraft:sprint_one_cm":889,"minecraft:damage_taken":200,"minecraft:drop":15,"minecraft:damage_dealt":25,"minecraft:swim_one_cm":771,"minecraft:fly_one_cm":934,"minecraft:open_chest":53,"minecraft:crouch_one_cm":59864,"minecraft:sneak_time":15985,"minecraft:walk_under_water_one_cm":3632,"minecraft:jump":299,"minecraft:walk_on_water_one_cm":4932,"minecraft:fall_one_cm":1228},"minecraft:picked_up":{"exnihilosequentia:seed_acacia":2,"exnihilosequentia:ancient_spores":1,"exnihilosequentia:seed_sugarcane":1,"minecraft:oak_log":54,"xreliquary:pedestals/passive/red_passive_pedestal":1,"botania:pebble":606,"minecraft:dirt":69,"minecraft:string":548,"exnihilosequentia:seed_carrot":1,"exnihilosequentia:seed_birch":2,"exnihilosequentia:dust":1,"exnihilosequentia:seed_oak":1,"minecraft:apple":3,"exnihilosequentia:pebble_diorite":9,"minecraft:wheat_seeds":13,"ftbquests:book":1,"exnihilosequentia:pebble_granite":12,"excompressum:compressed_hammer_stone":1,"exnihilosequentia:grass_seeds":3,"minecraft:cobblestone_slab":7,"minecraft:player_head":1,"minecraft:furnace":1,"exnihilosequentia:hammer_stone":1,"exnihilosequentia:mesh_string":1,"exnihilosequentia:sieve":2,"minecraft:oak_slab":4,"minecraft:stick":30,"exnihilosequentia:seed_darkoak":1,"exnihilosequentia:seed_jungle":1,"exnihilosequentia:seed_bamboo":1,"minecraft:gravel":37,"exnihilosequentia:seed_potato":3,"minecraft:sand":1,"exnihilosequentia:pebble_andesite":7,"minecraft:spruce_sapling":6,"minecraft:spruce_log":7,"exnihilosequentia:silkworm":159,"exnihilosequentia:barrel_wood":1,"exnihilosequentia:crook_wood":1,"exnihilosequentia:seed_large_fern":1,"minecraft:pumpkin_seeds":4,"exnihilosequentia:pebble_basalt":15,"minecraft:beetroot_seeds":7,"mob_grinding_utils:ender_inhibitor_on":1,"ars_nouveau:worn_notebook":1,"exnihilosequentia:crushed_netherrack":2,"exnihilosequentia:pebble_stone":63,"minecraft:oak_sapling":31,"minecraft:melon_seeds":9,"exnihilosequentia:pebble_blackstone":10,"minecraft:cobblestone":96},"minecraft:used":{"exnihilosequentia:pebble_diorite":1,"minecraft:stone_pickaxe":88,"minecraft:oak_planks":2,"minecraft:chest":2,"minecraft:wooden_pickaxe":36,"minecraft:cobblestone_slab":131,"minecraft:player_head":1,"minecraft:torch":3,"minecraft:sand":1,"minecraft:dirt":48,"minecraft:oak_slab":9,"minecraft:crafting_table":1,"exnihilosequentia:cooked_silkworm":2,"exnihilosequentia:barrel_wood":2,"ceramics:clay_bucket":7,"mob_grinding_utils:ender_inhibitor_on":1,"minecraft:apple":1,"minecraft:string":8,"exnihilosequentia:sieve":4,"minecraft:stone_axe":61,"exnihilosequentia:crook_wood":75,"minecraft:oak_sapling":13,"minecraft:ice":1,"exnihilosequentia:silkworm":4,"exnihilosequentia:crook_granite":222},"minecraft:dropped":{"excompressum:compressed_hammer_stone":1,"exnihilosequentia:sieve":1,"minecraft:oak_log":13,"botania:pebble":64,"minecraft:cobblestone":33,"exnihilosequentia:silkworm":2,"minecraft:white_bed":1,"exnihilosequentia:barrel_wood":2,"minecraft:stick":15,"ars_nouveau:worn_notebook":1,"minecraft:cobblestone_slab":18,"minecraft:wooden_pickaxe":1},"minecraft:mined":{"minecraft:oak_slab":2,"minecraft:oak_sapling":1,"minecraft:grass_block":10,"exnihilosequentia:infesting_leaves":2,"minecraft:cobblestone":118,"minecraft:furnace":1,"mob_grinding_utils:ender_inhibitor_on":1,"minecraft:ice":1,"minecraft:spruce_log":7,"exnihilosequentia:sieve":1,"minecraft:oak_log":51,"minecraft:cobblestone_slab":5,"minecraft:dirt":49,"minecraft:player_head":1,"minecraft:oak_leaves":156,"minecraft:tripwire":8,"exnihilosequentia:infested_leaves":161}},"DataVersion":2586}