{"stats":{"minecraft:crafted":{"minecraft:oak_planks":24,"minecraft:chest":3,"minecraft:netherite_scrap":3,"exnihilosequentia:barrel_wood":1,"exnihilosequentia:sieve":6,"minecraft:oak_slab":18,"storagedrawers:oak_full_drawers_1":1,"minecraft:air":1154,"minecraft:charcoal":8,"minecraft:stick":8,"minecraft:iron_ingot":4,"exnihilosequentia:chunk_gold":1},"minecraft:custom":{"minecraft:interact_with_crafting_table":50,"minecraft:time_since_death":17278,"minecraft:sprint_one_cm":18224,"minecraft:walk_one_cm":465648,"minecraft:drop":120,"minecraft:deaths":1,"minecraft:sneak_time":27215,"minecraft:walk_under_water_one_cm":3632,"minecraft:jump":933,"minecraft:walk_on_water_one_cm":5034,"minecraft:interact_with_furnace":37,"minecraft:play_one_minute":160514,"minecraft:sleep_in_bed":1,"minecraft:time_since_rest":17303,"minecraft:damage_taken":783,"minecraft:damage_dealt":173,"minecraft:swim_one_cm":771,"minecraft:fly_one_cm":29108,"minecraft:open_chest":203,"minecraft:crouch_one_cm":113035,"minecraft:fall_one_cm":14494},"minecraft:picked_up":{"minecraft:cocoa_beans":2,"minecraft:wheat":1,"exnihilosequentia:piece_uranium":34,"exnihilosequentia:mesh_flint":3,"waterstrainer:strainer_survivalist":1,"exnihilosequentia:piece_nickel":43,"exnihilosequentia:piece_silver":29,"exnihilosequentia:seed_carrot":1,"minecraft:string":3445,"exnihilosequentia:seed_birch":2,"exnihilosequentia:dust":1,"exnihilosequentia:pebble_diorite":9,"excompressum:compressed_hammer_stone":1,"exnihilosequentia:chunk_iron":1,"minecraft:cobblestone_slab":25,"minecraft:player_head":1,"minecraft:iron_pickaxe":1,"minecraft:furnace":1,"exnihilosequentia:piece_lead":42,"exnihilosequentia:hammer_stone":4,"exnihilosequentia:sieve":4,"minecraft:dark_oak_sapling":5,"minecraft:stick":79,"jaopca:exnihilosequentia_pieces.azure_silver":34,"exnihilosequentia:seed_bamboo":1,"mana-and-artifice:vinteum_dust":1,"minecraft:torch":1,"exnihilosequentia:seed_potato":3,"exnihilosequentia:barrel_wood":1,"exnihilosequentia:crook_wood":6,"exnihilosequentia:piece_copper":30,"minecraft:beetroot_seeds":7,"mob_grinding_utils:ender_inhibitor_on":1,"ars_nouveau:worn_notebook":1,"exnihilosequentia:crushed_netherrack":2,"exnihilosequentia:pebble_blackstone":10,"minecraft:cobblestone":810,"exnihilosequentia:ancient_spores":1,"exnihilosequentia:seed_acacia":2,"exnihilosequentia:seed_sugarcane":1,"exnihilosequentia:piece_gold":41,"exnihilosequentia:piece_aluminum":36,"minecraft:flint":428,"exnihilosequentia:piece_tin":40,"minecraft:oak_log":254,"xreliquary:pedestals/passive/red_passive_pedestal":1,"botania:pebble":1226,"minecraft:lapis_lazuli":29,"minecraft:dirt":137,"exnihilosequentia:seed_oak":1,"jaopca:exnihilosequentia_pieces.netherite_scrap":58,"minecraft:apple":14,"minecraft:wheat_seeds":14,"ftbquests:book":1,"exnihilosequentia:pebble_granite":12,"minecraft:iron_ingot":34,"exnihilosequentia:piece_platinum":44,"exnihilosequentia:grass_seeds":3,"storagedrawers:oak_full_drawers_1":2,"exnihilosequentia:mesh_string":2,"minecraft:oak_slab":4,"exnihilosequentia:seed_jungle":1,"exnihilosequentia:seed_darkoak":1,"exnihilosequentia:crook_granite":1,"exnihilosequentia:mesh_iron":1,"minecraft:gravel":962,"exnihilosequentia:pebble_andesite":7,"minecraft:sand":59,"minecraft:spruce_sapling":6,"minecraft:white_bed":2,"minecraft:spruce_log":7,"exnihilosequentia:silkworm":988,"minecraft:dark_oak_log":114,"exnihilosequentia:piece_zinc":45,"exnihilosequentia:cooked_silkworm":32,"jaopca:exnihilosequentia_pieces.cobalt":38,"minecraft:pumpkin_seeds":4,"exnihilosequentia:pebble_basalt":15,"exnihilosequentia:seed_large_fern":1,"minecraft:stone_axe":2,"exnihilosequentia:pebble_stone":63,"minecraft:oak_sapling":107,"minecraft:melon_seeds":9,"exnihilosequentia:piece_iron":95,"jaopca:exnihilosequentia_pieces.crimson_iron":52,"minecraft:coal":112},"minecraft:used":{"exnihilosequentia:pebble_diorite":1,"storagedrawers:oak_full_drawers_1":1,"exnihilosequentia:hammer_stone":516,"minecraft:chest":6,"exnihilosequentia:pebble_andesite":2,"minecraft:player_head":1,"minecraft:stone_hoe":2,"minecraft:torch":3,"minecraft:dirt":66,"exnihilosequentia:cooked_silkworm":29,"exnihilosequentia:crook_wood":569,"minecraft:oak_sapling":52,"minecraft:wheat_seeds":2,"minecraft:stone_pickaxe":106,"minecraft:oak_planks":2,"minecraft:wooden_pickaxe":36,"minecraft:cobblestone_slab":450,"minecraft:sand":1,"minecraft:oak_slab":9,"minecraft:crafting_table":1,"minecraft:white_bed":2,"exnihilosequentia:barrel_wood":2,"ceramics:clay_bucket":8,"minecraft:apple":2,"mob_grinding_utils:ender_inhibitor_on":1,"minecraft:iron_pickaxe":2,"minecraft:string":9,"minecraft:gravel":75,"exnihilosequentia:sieve":11,"minecraft:stone_axe":347,"minecraft:cobblestone":1601,"minecraft:ice":1,"exnihilosequentia:silkworm":20,"exnihilosequentia:crook_granite":512},"minecraft:dropped":{"minecraft:iron_ingot":38,"excompressum:compressed_hammer_stone":1,"exnihilosequentia:sieve":1,"minecraft:lapis_lazuli":1,"minecraft:oak_log":22,"exnihilosequentia:piece_uranium":3,"minecraft:cobblestone":33,"minecraft:coal":9,"exnihilosequentia:barrel_wood":2,"minecraft:stick":15,"minecraft:flint":26,"storagedrawers:oak_full_drawers_1":1,"ars_nouveau:worn_notebook":1,"exnihilosequentia:piece_tin":4,"exnihilosequentia:piece_platinum":2,"jaopca:exnihilosequentia_pieces.crimson_iron":2,"exnihilosequentia:piece_iron":6,"exnihilosequentia:piece_nickel":1,"minecraft:string":64,"exnihilosequentia:piece_silver":2,"jaopca:exnihilosequentia_pieces.cobalt":1,"exnihilosequentia:piece_zinc":1,"mana-and-artifice:vinteum_dust":1,"minecraft:gravel":292,"minecraft:stone_axe":2,"exnihilosequentia:mesh_iron":1,"botania:pebble":64,"exnihilosequentia:silkworm":2,"minecraft:white_bed":1,"minecraft:cobblestone_slab":18,"exnihilosequentia:piece_gold":2,"minecraft:wooden_pickaxe":1,"exnihilosequentia:piece_copper":3,"exnihilosequentia:mesh_string":1,"exnihilosequentia:piece_lead":1},"minecraft:broken":{"exnihilosequentia:crook_wood":4,"exnihilosequentia:hammer_stone":3,"minecraft:stone_axe":2,"exnihilosequentia:crook_granite":1},"minecraft:mined":{"minecraft:white_bed":2,"minecraft:oak_sapling":1,"minecraft:dark_oak_log":39,"minecraft:grass_block":11,"minecraft:furnace":1,"mob_grinding_utils:ender_inhibitor_on":1,"exnihilosequentia:sieve":3,"minecraft:cobblestone_slab":19,"minecraft:player_head":1,"minecraft:tripwire":9,"minecraft:oak_slab":3,"minecraft:torch":1,"exnihilosequentia:infesting_leaves":2,"minecraft:cobblestone":639,"minecraft:wheat":2,"storagedrawers:oak_full_drawers_1":1,"minecraft:ice":1,"minecraft:spruce_log":7,"minecraft:oak_log":238,"minecraft:gravel":19,"minecraft:dirt":49,"exnihilosequentia:infested_leaves":948,"minecraft:oak_leaves":267}},"DataVersion":2586}