{"stats":{"minecraft:crafted":{"minecraft:oak_planks":24,"minecraft:oak_slab":18,"storagedrawers:oak_full_drawers_1":1,"minecraft:air":971,"minecraft:charcoal":8,"minecraft:stick":8,"minecraft:iron_ingot":4,"minecraft:chest":3,"exnihilosequentia:chunk_gold":1,"minecraft:netherite_scrap":3,"exnihilosequentia:barrel_wood":1,"exnihilosequentia:sieve":6},"minecraft:custom":{"minecraft:interact_with_furnace":12,"minecraft:interact_with_crafting_table":49,"minecraft:play_one_minute":112514,"minecraft:time_since_death":112514,"minecraft:sleep_in_bed":1,"minecraft:time_since_rest":68143,"minecraft:walk_one_cm":317553,"minecraft:sprint_one_cm":10444,"minecraft:damage_taken":370,"minecraft:drop":26,"minecraft:damage_dealt":101,"minecraft:swim_one_cm":771,"minecraft:fly_one_cm":16688,"minecraft:open_chest":144,"minecraft:crouch_one_cm":80665,"minecraft:sneak_time":20400,"minecraft:walk_under_water_one_cm":3632,"minecraft:jump":628,"minecraft:walk_on_water_one_cm":5034,"minecraft:fall_one_cm":4785},"minecraft:picked_up":{"exnihilosequentia:seed_acacia":2,"exnihilosequentia:ancient_spores":1,"minecraft:cocoa_beans":1,"exnihilosequentia:piece_uranium":16,"exnihilosequentia:seed_sugarcane":1,"waterstrainer:strainer_survivalist":1,"exnihilosequentia:mesh_flint":3,"exnihilosequentia:piece_gold":13,"exnihilosequentia:piece_nickel":14,"exnihilosequentia:piece_aluminum":18,"exnihilosequentia:piece_silver":10,"minecraft:flint":33,"exnihilosequentia:piece_tin":9,"minecraft:oak_log":187,"xreliquary:pedestals/passive/red_passive_pedestal":1,"minecraft:lapis_lazuli":6,"botania:pebble":614,"minecraft:dirt":110,"minecraft:string":3050,"exnihilosequentia:seed_carrot":1,"exnihilosequentia:seed_birch":2,"jaopca:exnihilosequentia_pieces.netherite_scrap":12,"exnihilosequentia:dust":1,"exnihilosequentia:seed_oak":1,"minecraft:apple":6,"exnihilosequentia:pebble_diorite":9,"minecraft:wheat_seeds":13,"minecraft:iron_ingot":2,"ftbquests:book":1,"exnihilosequentia:chunk_iron":1,"exnihilosequentia:pebble_granite":12,"exnihilosequentia:piece_platinum":11,"excompressum:compressed_hammer_stone":1,"exnihilosequentia:grass_seeds":3,"minecraft:cobblestone_slab":25,"minecraft:player_head":1,"storagedrawers:oak_full_drawers_1":2,"exnihilosequentia:piece_lead":3,"jaopca:exnihilosequentia_pieces.azure_silver":5,"minecraft:dark_oak_sapling":3,"minecraft:furnace":1,"exnihilosequentia:hammer_stone":1,"exnihilosequentia:mesh_string":2,"exnihilosequentia:sieve":4,"minecraft:oak_slab":4,"minecraft:stick":43,"exnihilosequentia:seed_darkoak":1,"exnihilosequentia:seed_jungle":1,"exnihilosequentia:seed_bamboo":1,"mana-and-artifice:vinteum_dust":1,"minecraft:torch":1,"exnihilosequentia:crook_granite":1,"minecraft:gravel":126,"exnihilosequentia:seed_potato":3,"minecraft:sand":59,"exnihilosequentia:pebble_andesite":7,"minecraft:spruce_sapling":6,"minecraft:white_bed":2,"minecraft:spruce_log":7,"exnihilosequentia:piece_zinc":12,"minecraft:dark_oak_log":39,"exnihilosequentia:silkworm":855,"exnihilosequentia:barrel_wood":1,"exnihilosequentia:crook_wood":5,"exnihilosequentia:piece_copper":3,"jaopca:exnihilosequentia_pieces.cobalt":9,"exnihilosequentia:seed_large_fern":1,"minecraft:pumpkin_seeds":4,"exnihilosequentia:pebble_basalt":15,"minecraft:stone_axe":1,"minecraft:beetroot_seeds":7,"mob_grinding_utils:ender_inhibitor_on":1,"ars_nouveau:worn_notebook":1,"exnihilosequentia:crushed_netherrack":2,"minecraft:coal":33,"exnihilosequentia:piece_iron":26,"exnihilosequentia:pebble_stone":63,"minecraft:oak_sapling":59,"jaopca:exnihilosequentia_pieces.crimson_iron":12,"minecraft:melon_seeds":9,"exnihilosequentia:pebble_blackstone":10,"minecraft:cobblestone":97},"minecraft:used":{"exnihilosequentia:pebble_diorite":1,"storagedrawers:oak_full_drawers_1":1,"minecraft:stone_pickaxe":103,"minecraft:oak_planks":2,"minecraft:chest":6,"minecraft:wooden_pickaxe":36,"exnihilosequentia:pebble_andesite":2,"minecraft:cobblestone_slab":450,"minecraft:player_head":1,"minecraft:stone_hoe":2,"minecraft:torch":3,"minecraft:sand":1,"minecraft:dirt":66,"minecraft:oak_slab":9,"minecraft:crafting_table":1,"exnihilosequentia:cooked_silkworm":13,"minecraft:white_bed":2,"exnihilosequentia:barrel_wood":2,"ceramics:clay_bucket":8,"mob_grinding_utils:ender_inhibitor_on":1,"minecraft:apple":1,"minecraft:string":9,"minecraft:gravel":74,"exnihilosequentia:sieve":11,"minecraft:stone_axe":227,"minecraft:cobblestone":173,"exnihilosequentia:crook_wood":429,"minecraft:oak_sapling":43,"minecraft:ice":1,"exnihilosequentia:silkworm":19,"minecraft:wheat_seeds":1,"exnihilosequentia:crook_granite":512},"minecraft:dropped":{"minecraft:gravel":31,"excompressum:compressed_hammer_stone":1,"exnihilosequentia:sieve":1,"minecraft:stone_axe":1,"minecraft:oak_log":22,"botania:pebble":64,"minecraft:cobblestone":33,"exnihilosequentia:silkworm":2,"minecraft:white_bed":1,"exnihilosequentia:barrel_wood":2,"minecraft:flint":5,"minecraft:stick":15,"storagedrawers:oak_full_drawers_1":1,"ars_nouveau:worn_notebook":1,"minecraft:cobblestone_slab":18,"minecraft:wooden_pickaxe":1,"minecraft:string":64,"minecraft:iron_ingot":6,"exnihilosequentia:mesh_string":1,"mana-and-artifice:vinteum_dust":1},"minecraft:broken":{"exnihilosequentia:crook_wood":3,"minecraft:stone_axe":2,"exnihilosequentia:crook_granite":1},"minecraft:mined":{"minecraft:oak_slab":3,"minecraft:white_bed":2,"minecraft:oak_sapling":1,"minecraft:dark_oak_log":39,"minecraft:torch":1,"minecraft:grass_block":11,"exnihilosequentia:infesting_leaves":2,"minecraft:cobblestone":119,"minecraft:furnace":1,"minecraft:wheat":1,"mob_grinding_utils:ender_inhibitor_on":1,"storagedrawers:oak_full_drawers_1":1,"minecraft:ice":1,"minecraft:spruce_log":7,"exnihilosequentia:sieve":3,"minecraft:oak_log":171,"minecraft:cobblestone_slab":19,"minecraft:gravel":19,"minecraft:dirt":49,"minecraft:player_head":1,"minecraft:oak_leaves":157,"minecraft:tripwire":8,"exnihilosequentia:infested_leaves":865}},"DataVersion":2586}