{"stats":{"minecraft:crafted":{"minecraft:oak_slab":6,"storagedrawers:oak_full_drawers_1":1,"minecraft:air":898,"minecraft:charcoal":8,"minecraft:stick":4,"exnihilosequentia:barrel_wood":1,"exnihilosequentia:sieve":1},"minecraft:custom":{"minecraft:interact_with_furnace":5,"minecraft:interact_with_crafting_table":36,"minecraft:play_one_minute":76514,"minecraft:time_since_death":76514,"minecraft:sleep_in_bed":1,"minecraft:time_since_rest":32143,"minecraft:walk_one_cm":172373,"minecraft:sprint_one_cm":2884,"minecraft:damage_taken":240,"minecraft:drop":18,"minecraft:damage_dealt":25,"minecraft:swim_one_cm":771,"minecraft:fly_one_cm":4470,"minecraft:open_chest":59,"minecraft:crouch_one_cm":70022,"minecraft:sneak_time":18247,"minecraft:walk_under_water_one_cm":3632,"minecraft:jump":387,"minecraft:walk_on_water_one_cm":4971,"minecraft:fall_one_cm":2593},"minecraft:picked_up":{"exnihilosequentia:seed_acacia":2,"exnihilosequentia:ancient_spores":1,"minecraft:cocoa_beans":1,"exnihilosequentia:seed_sugarcane":1,"exnihilosequentia:mesh_flint":1,"minecraft:flint":11,"minecraft:oak_log":68,"xreliquary:pedestals/passive/red_passive_pedestal":1,"botania:pebble":606,"minecraft:dirt":69,"minecraft:string":911,"exnihilosequentia:seed_carrot":1,"exnihilosequentia:seed_birch":2,"exnihilosequentia:dust":1,"exnihilosequentia:seed_oak":1,"minecraft:apple":3,"exnihilosequentia:pebble_diorite":9,"minecraft:wheat_seeds":13,"ftbquests:book":1,"exnihilosequentia:pebble_granite":12,"excompressum:compressed_hammer_stone":1,"exnihilosequentia:grass_seeds":3,"minecraft:cobblestone_slab":22,"minecraft:player_head":1,"storagedrawers:oak_full_drawers_1":2,"minecraft:furnace":1,"exnihilosequentia:hammer_stone":1,"exnihilosequentia:mesh_string":2,"exnihilosequentia:sieve":2,"minecraft:oak_slab":4,"minecraft:stick":30,"exnihilosequentia:seed_darkoak":1,"exnihilosequentia:seed_jungle":1,"exnihilosequentia:seed_bamboo":1,"minecraft:gravel":116,"exnihilosequentia:seed_potato":3,"minecraft:sand":45,"exnihilosequentia:pebble_andesite":7,"minecraft:spruce_sapling":6,"minecraft:spruce_log":7,"exnihilosequentia:silkworm":264,"exnihilosequentia:barrel_wood":1,"exnihilosequentia:crook_wood":1,"exnihilosequentia:seed_large_fern":1,"minecraft:pumpkin_seeds":4,"exnihilosequentia:pebble_basalt":15,"minecraft:beetroot_seeds":7,"mob_grinding_utils:ender_inhibitor_on":1,"ars_nouveau:worn_notebook":1,"exnihilosequentia:crushed_netherrack":2,"exnihilosequentia:pebble_stone":63,"minecraft:oak_sapling":34,"minecraft:melon_seeds":9,"exnihilosequentia:pebble_blackstone":10,"minecraft:cobblestone":96},"minecraft:used":{"exnihilosequentia:pebble_diorite":1,"storagedrawers:oak_full_drawers_1":1,"minecraft:stone_pickaxe":96,"minecraft:oak_planks":2,"minecraft:chest":3,"minecraft:wooden_pickaxe":36,"minecraft:cobblestone_slab":395,"minecraft:player_head":1,"minecraft:torch":3,"minecraft:sand":1,"minecraft:dirt":54,"minecraft:oak_slab":9,"minecraft:crafting_table":1,"exnihilosequentia:cooked_silkworm":2,"exnihilosequentia:barrel_wood":2,"ceramics:clay_bucket":7,"mob_grinding_utils:ender_inhibitor_on":1,"minecraft:apple":1,"minecraft:string":8,"minecraft:gravel":74,"exnihilosequentia:sieve":4,"minecraft:stone_axe":81,"exnihilosequentia:crook_wood":102,"minecraft:oak_sapling":21,"minecraft:ice":1,"exnihilosequentia:silkworm":5,"exnihilosequentia:crook_granite":299},"minecraft:dropped":{"minecraft:gravel":21,"excompressum:compressed_hammer_stone":1,"exnihilosequentia:sieve":1,"minecraft:oak_log":13,"botania:pebble":64,"minecraft:cobblestone":33,"exnihilosequentia:silkworm":2,"minecraft:white_bed":1,"exnihilosequentia:barrel_wood":2,"minecraft:stick":15,"storagedrawers:oak_full_drawers_1":1,"ars_nouveau:worn_notebook":1,"minecraft:cobblestone_slab":18,"minecraft:wooden_pickaxe":1,"exnihilosequentia:mesh_string":1},"minecraft:mined":{"minecraft:oak_slab":2,"minecraft:oak_sapling":1,"minecraft:grass_block":10,"exnihilosequentia:infesting_leaves":2,"minecraft:cobblestone":118,"minecraft:furnace":1,"mob_grinding_utils:ender_inhibitor_on":1,"storagedrawers:oak_full_drawers_1":1,"minecraft:ice":1,"minecraft:spruce_log":7,"exnihilosequentia:sieve":1,"minecraft:oak_log":65,"minecraft:cobblestone_slab":13,"minecraft:gravel":19,"minecraft:dirt":49,"minecraft:player_head":1,"minecraft:oak_leaves":157,"minecraft:tripwire":8,"exnihilosequentia:infested_leaves":271}},"DataVersion":2586}