{"stats":{"minecraft:used":{"minecraft:lantern":1,"minecraft:bread":2,"minecraft:stone_pickaxe":75,"minecraft:spruce_planks":113,"minecraft:blue_bed":1,"minecraft:bell":1,"minecraft:stone_axe":72,"minecraft:cobblestone":18,"minecraft:white_bed":7},"minecraft:mined":{"minecraft:spruce_stairs":3,"minecraft:spruce_planks":19,"minecraft:white_bed":15,"minecraft:stripped_spruce_wood":16,"minecraft:barrel":1,"minecraft:ice":1,"minecraft:spruce_log":10,"minecraft:spruce_door":1,"minecraft:powder_snow":3,"minecraft:bell":1,"minecraft:grass":3,"minecraft:spruce_fence":7,"minecraft:grass_block":4,"minecraft:chest":1,"minecraft:dirt":2,"minecraft:grindstone":2,"minecraft:spruce_leaves":1,"minecraft:stonecutter":1,"minecraft:stone":63,"minecraft:cartography_table":1,"minecraft:sugar_cane":1,"minecraft:blue_bed":4},"minecraft:killed":{"minecraft:pig":2},"minecraft:crafted":{"minecraft:spruce_planks":144,"minecraft:stone_axe":1},"minecraft:dropped":{"minecraft:wheat_seeds":1},"minecraft:picked_up":{"minecraft:stick":17,"minecraft:wooden_pickaxe":1,"minecraft:spruce_stairs":3,"minecraft:spruce_fence":6,"minecraft:porkchop":4,"minecraft:stripped_spruce_wood":16,"minecraft:spruce_sapling":5,"minecraft:white_bed":14,"minecraft:spruce_log":27,"minecraft:barrel":1,"minecraft:spruce_door":1,"minecraft:dirt":9,"minecraft:blue_bed":3,"minecraft:lantern":1,"minecraft:stonecutter":1,"minecraft:wheat_seeds":2,"minecraft:cartography_table":1,"minecraft:spruce_planks":20,"minecraft:bell":2,"minecraft:grindstone":2,"minecraft:iron_ingot":3,"minecraft:stone_pickaxe":1,"minecraft:iron_pickaxe":1,"minecraft:poppy":1,"minecraft:sugar_cane":3,"minecraft:chest":1,"minecraft:coal":15,"minecraft:cobblestone":63},"minecraft:custom":{"minecraft:time_since_rest":12342,"minecraft:sprint_one_cm":31883,"minecraft:damage_taken":40,"minecraft:walk_one_cm":121051,"minecraft:mob_kills":2,"minecraft:drop":1,"minecraft:damage_dealt":210,"minecraft:talked_to_villager":5,"minecraft:interact_with_cartography_table":1,"minecraft:interact_with_crafting_table":1,"minecraft:fly_one_cm":49016,"minecraft:open_chest":6,"minecraft:crouch_one_cm":4877,"minecraft:play_time":21020,"minecraft:bell_ring":5,"minecraft:sneak_time":1313,"minecraft:walk_under_water_one_cm":113,"minecraft:jump":299,"minecraft:walk_on_water_one_cm":475,"minecraft:time_since_death":21020,"minecraft:sleep_in_bed":1,"minecraft:total_world_time":21020,"minecraft:fall_one_cm":3253}},"DataVersion":3465}