{"stats":{"minecraft:used":{"minecraft:iron_shovel":10,"minecraft:stone_pickaxe":90,"minecraft:chest":3,"minecraft:spruce_planks":200,"minecraft:composter":8,"minecraft:blue_bed":4,"minecraft:bell":4,"minecraft:torch":1,"minecraft:dirt":3,"minecraft:spruce_stairs":5,"minecraft:blast_furnace":3,"minecraft:white_bed":7,"minecraft:lantern":2,"minecraft:iron_axe":33,"minecraft:bread":4,"minecraft:iron_pickaxe":118,"minecraft:barrel":2,"minecraft:stone_axe":129,"minecraft:cobblestone":66,"minecraft:grindstone":3,"minecraft:smithing_table":7},"minecraft:mined":{"minecraft:smithing_table":7,"minecraft:spruce_planks":66,"minecraft:white_bed":15,"minecraft:red_bed":4,"minecraft:smoker":1,"minecraft:spruce_door":1,"minecraft:powder_snow":3,"minecraft:blast_furnace":3,"minecraft:grass_block":13,"minecraft:spruce_fence":16,"minecraft:chest":3,"minecraft:cobblestone":19,"minecraft:composter":9,"perfectplushies:doe_plushie":1,"minecraft:spruce_leaves":1,"minecraft:grindstone":5,"minecraft:sugar_cane":1,"minecraft:cartography_table":1,"minecraft:blue_bed":8,"minecraft:wall_torch":1,"minecraft:spruce_stairs":8,"minecraft:furnace":4,"minecraft:stripped_spruce_wood":20,"minecraft:barrel":5,"minecraft:ice":1,"minecraft:spruce_log":10,"minecraft:bell":3,"minecraft:grass":3,"minecraft:lantern":2,"minecraft:dirt":6,"minecraft:stonecutter":1,"minecraft:stone":160},"minecraft:killed":{"minecraft:pig":2},"minecraft:crafted":{"minecraft:spruce_planks":268,"minecraft:smithing_table":1,"minecraft:stone_axe":1,"minecraft:stick":124,"minecraft:iron_shovel":1},"minecraft:picked_up":{"minecraft:smithing_table":7,"minecraft:wooden_pickaxe":1,"minecraft:smoker":1,"perfectplushies:doe_plushie":1,"minecraft:stripped_spruce_wood":20,"minecraft:blue_bed":10,"minecraft:dirt":21,"minecraft:red_bed":4,"minecraft:lantern":5,"minecraft:iron_axe":1,"minecraft:stonecutter":1,"minecraft:wheat_seeds":2,"minecraft:cartography_table":1,"minecraft:bell":4,"minecraft:spruce_planks":68,"minecraft:iron_ingot":3,"minecraft:grindstone":5,"minecraft:stone_pickaxe":1,"minecraft:poppy":1,"minecraft:iron_pickaxe":1,"minecraft:sugar_cane":3,"minecraft:chest":3,"minecraft:furnace":4,"minecraft:stick":17,"minecraft:composter":9,"minecraft:torch":2,"minecraft:spruce_stairs":8,"minecraft:spruce_fence":15,"minecraft:porkchop":4,"minecraft:spruce_sapling":5,"minecraft:blast_furnace":3,"minecraft:white_bed":22,"minecraft:spruce_log":27,"minecraft:spruce_door":1,"minecraft:barrel":5,"minecraft:bread":2,"minecraft:coal":15,"minecraft:cobblestone":177},"minecraft:dropped":{"minecraft:iron_ingot":19,"minecraft:wheat_seeds":1,"minecraft:stick":22},"minecraft:custom":{"minecraft:mob_kills":2,"minecraft:interact_with_crafting_table":4,"minecraft:interact_with_cartography_table":1,"minecraft:bell_ring":22,"minecraft:time_since_death":45020,"minecraft:sleep_in_bed":2,"minecraft:time_since_rest":13490,"minecraft:sprint_one_cm":35827,"minecraft:damage_taken":240,"minecraft:walk_one_cm":312265,"minecraft:drop":3,"minecraft:damage_dealt":252,"minecraft:fly_one_cm":50364,"minecraft:talked_to_villager":68,"minecraft:open_chest":24,"minecraft:crouch_one_cm":7500,"minecraft:play_time":45020,"minecraft:sneak_time":1990,"minecraft:walk_under_water_one_cm":113,"minecraft:jump":340,"minecraft:walk_on_water_one_cm":475,"minecraft:total_world_time":45020,"minecraft:fall_one_cm":4668},"minecraft:broken":{"minecraft:stone_axe":1}},"DataVersion":3465}