{"stats":{"minecraft:crafted":{"minecraft:oak_planks":24,"minecraft:chest":3,"minecraft:netherite_scrap":3,"exnihilosequentia:barrel_wood":1,"exnihilosequentia:sieve":6,"minecraft:oak_slab":18,"storagedrawers:oak_full_drawers_1":1,"minecraft:air":971,"minecraft:charcoal":8,"minecraft:stick":8,"minecraft:iron_ingot":4,"exnihilosequentia:chunk_gold":1},"minecraft:custom":{"minecraft:interact_with_crafting_table":49,"minecraft:time_since_death":124514,"minecraft:sprint_one_cm":10444,"minecraft:walk_one_cm":344742,"minecraft:drop":27,"minecraft:sneak_time":22044,"minecraft:walk_under_water_one_cm":3632,"minecraft:jump":702,"minecraft:walk_on_water_one_cm":5034,"minecraft:interact_with_furnace":18,"minecraft:play_one_minute":124514,"minecraft:sleep_in_bed":1,"minecraft:time_since_rest":80143,"minecraft:damage_taken":490,"minecraft:damage_dealt":101,"minecraft:swim_one_cm":771,"minecraft:fly_one_cm":16714,"minecraft:open_chest":154,"minecraft:crouch_one_cm":89842,"minecraft:fall_one_cm":7467},"minecraft:picked_up":{"minecraft:cocoa_beans":1,"exnihilosequentia:piece_uranium":16,"exnihilosequentia:mesh_flint":3,"waterstrainer:strainer_survivalist":1,"exnihilosequentia:piece_nickel":14,"exnihilosequentia:piece_silver":10,"exnihilosequentia:seed_carrot":1,"minecraft:string":3444,"exnihilosequentia:seed_birch":2,"exnihilosequentia:dust":1,"exnihilosequentia:pebble_diorite":9,"excompressum:compressed_hammer_stone":1,"exnihilosequentia:chunk_iron":1,"minecraft:cobblestone_slab":25,"minecraft:player_head":1,"minecraft:furnace":1,"exnihilosequentia:piece_lead":3,"exnihilosequentia:hammer_stone":1,"exnihilosequentia:sieve":4,"minecraft:dark_oak_sapling":5,"minecraft:stick":65,"jaopca:exnihilosequentia_pieces.azure_silver":5,"exnihilosequentia:seed_bamboo":1,"mana-and-artifice:vinteum_dust":1,"minecraft:torch":1,"exnihilosequentia:seed_potato":3,"exnihilosequentia:barrel_wood":1,"exnihilosequentia:crook_wood":6,"exnihilosequentia:piece_copper":3,"minecraft:beetroot_seeds":7,"mob_grinding_utils:ender_inhibitor_on":1,"ars_nouveau:worn_notebook":1,"exnihilosequentia:crushed_netherrack":2,"exnihilosequentia:pebble_blackstone":10,"minecraft:cobblestone":406,"exnihilosequentia:ancient_spores":1,"exnihilosequentia:seed_acacia":2,"exnihilosequentia:seed_sugarcane":1,"exnihilosequentia:piece_gold":13,"exnihilosequentia:piece_aluminum":18,"minecraft:flint":97,"exnihilosequentia:piece_tin":9,"minecraft:oak_log":211,"xreliquary:pedestals/passive/red_passive_pedestal":1,"botania:pebble":614,"minecraft:lapis_lazuli":6,"minecraft:dirt":132,"exnihilosequentia:seed_oak":1,"jaopca:exnihilosequentia_pieces.netherite_scrap":24,"minecraft:apple":9,"minecraft:wheat_seeds":13,"ftbquests:book":1,"exnihilosequentia:pebble_granite":12,"minecraft:iron_ingot":2,"exnihilosequentia:piece_platinum":11,"exnihilosequentia:grass_seeds":3,"storagedrawers:oak_full_drawers_1":2,"exnihilosequentia:mesh_string":2,"minecraft:oak_slab":4,"exnihilosequentia:seed_jungle":1,"exnihilosequentia:seed_darkoak":1,"exnihilosequentia:crook_granite":1,"minecraft:gravel":223,"exnihilosequentia:pebble_andesite":7,"minecraft:sand":59,"minecraft:spruce_sapling":6,"minecraft:white_bed":2,"minecraft:spruce_log":7,"exnihilosequentia:silkworm":988,"minecraft:dark_oak_log":114,"exnihilosequentia:piece_zinc":21,"exnihilosequentia:cooked_silkworm":32,"jaopca:exnihilosequentia_pieces.cobalt":9,"minecraft:pumpkin_seeds":4,"exnihilosequentia:pebble_basalt":15,"exnihilosequentia:seed_large_fern":1,"minecraft:stone_axe":2,"exnihilosequentia:pebble_stone":63,"minecraft:oak_sapling":82,"minecraft:melon_seeds":9,"exnihilosequentia:piece_iron":26,"jaopca:exnihilosequentia_pieces.crimson_iron":19,"minecraft:coal":33},"minecraft:used":{"exnihilosequentia:pebble_diorite":1,"storagedrawers:oak_full_drawers_1":1,"minecraft:chest":6,"exnihilosequentia:pebble_andesite":2,"minecraft:player_head":1,"minecraft:stone_hoe":2,"minecraft:torch":3,"minecraft:dirt":66,"exnihilosequentia:cooked_silkworm":21,"exnihilosequentia:crook_wood":569,"minecraft:oak_sapling":46,"minecraft:wheat_seeds":1,"minecraft:stone_pickaxe":103,"minecraft:oak_planks":2,"minecraft:wooden_pickaxe":36,"minecraft:cobblestone_slab":450,"minecraft:sand":1,"minecraft:oak_slab":9,"minecraft:crafting_table":1,"minecraft:white_bed":2,"exnihilosequentia:barrel_wood":2,"ceramics:clay_bucket":8,"minecraft:apple":2,"mob_grinding_utils:ender_inhibitor_on":1,"minecraft:string":9,"minecraft:gravel":74,"exnihilosequentia:sieve":11,"minecraft:stone_axe":251,"minecraft:cobblestone":503,"minecraft:ice":1,"exnihilosequentia:silkworm":20,"exnihilosequentia:crook_granite":512},"minecraft:dropped":{"minecraft:iron_ingot":6,"excompressum:compressed_hammer_stone":1,"exnihilosequentia:sieve":1,"minecraft:oak_log":22,"minecraft:cobblestone":33,"exnihilosequentia:barrel_wood":2,"minecraft:stick":15,"minecraft:flint":5,"storagedrawers:oak_full_drawers_1":1,"ars_nouveau:worn_notebook":1,"minecraft:string":64,"mana-and-artifice:vinteum_dust":1,"minecraft:gravel":31,"minecraft:stone_axe":2,"botania:pebble":64,"exnihilosequentia:silkworm":2,"minecraft:white_bed":1,"minecraft:cobblestone_slab":18,"minecraft:wooden_pickaxe":1,"exnihilosequentia:mesh_string":1},"minecraft:broken":{"exnihilosequentia:crook_wood":4,"minecraft:stone_axe":2,"exnihilosequentia:crook_granite":1},"minecraft:mined":{"minecraft:white_bed":2,"minecraft:oak_sapling":1,"minecraft:dark_oak_log":39,"minecraft:grass_block":11,"minecraft:furnace":1,"mob_grinding_utils:ender_inhibitor_on":1,"exnihilosequentia:sieve":3,"minecraft:cobblestone_slab":19,"minecraft:player_head":1,"minecraft:tripwire":8,"minecraft:oak_slab":3,"minecraft:torch":1,"exnihilosequentia:infesting_leaves":2,"minecraft:cobblestone":119,"minecraft:wheat":1,"storagedrawers:oak_full_drawers_1":1,"minecraft:ice":1,"minecraft:spruce_log":7,"minecraft:oak_log":195,"minecraft:gravel":19,"minecraft:dirt":49,"exnihilosequentia:infested_leaves":948,"minecraft:oak_leaves":214}},"DataVersion":2586}