{"stats":{"minecraft:used":{"minecraft:iron_shovel":22,"minecraft:stone_pickaxe":90,"minecraft:chest":3,"minecraft:spruce_planks":206,"minecraft:composter":8,"minecraft:stonecutter":2,"minecraft:blue_bed":4,"minecraft:bell":4,"minecraft:torch":1,"minecraft:dirt":20,"minecraft:red_bed":2,"minecraft:spruce_stairs":5,"minecraft:blast_furnace":3,"minecraft:white_bed":7,"minecraft:lantern":3,"minecraft:iron_axe":55,"minecraft:bread":6,"minecraft:iron_pickaxe":123,"minecraft:spruce_sapling":17,"minecraft:barrel":2,"minecraft:stone_axe":129,"minecraft:cobblestone":66,"perfectplushies:dog_plushie":1,"minecraft:grindstone":3,"minecraft:smithing_table":11,"minecraft:bucket":1},"minecraft:mined":{"minecraft:smithing_table":11,"minecraft:spruce_planks":70,"minecraft:white_bed":15,"minecraft:red_bed":6,"minecraft:smoker":1,"minecraft:dandelion":3,"minecraft:spruce_door":2,"minecraft:powder_snow":3,"minecraft:blast_furnace":3,"minecraft:poppy":2,"minecraft:grass_block":20,"minecraft:spruce_fence":17,"minecraft:chest":3,"minecraft:cobblestone":21,"minecraft:composter":9,"perfectplushies:doe_plushie":1,"minecraft:spruce_leaves":1,"minecraft:grindstone":5,"minecraft:sugar_cane":1,"minecraft:cartography_table":1,"minecraft:blue_bed":8,"minecraft:wall_torch":2,"minecraft:spruce_stairs":8,"minecraft:spruce_sapling":1,"minecraft:furnace":4,"minecraft:carrots":1,"minecraft:stripped_spruce_wood":20,"minecraft:wheat":2,"minecraft:barrel":5,"minecraft:ice":2,"minecraft:spruce_log":10,"minecraft:bell":3,"minecraft:grass":6,"minecraft:potatoes":16,"minecraft:dirt_path":8,"minecraft:lantern":2,"minecraft:dirt":8,"minecraft:stonecutter":2,"minecraft:stone":160},"minecraft:killed":{"minecraft:pig":2,"minecraft:iron_golem":1,"minecraft:rabbit":1},"minecraft:crafted":{"minecraft:spruce_planks":268,"minecraft:smithing_table":1,"minecraft:bucket":1,"minecraft:stone_axe":1,"minecraft:stick":124,"minecraft:iron_shovel":1},"minecraft:picked_up":{"minecraft:iron_chestplate":10,"minecraft:wheat":1,"minecraft:chainmail_boots":1,"minecraft:smithing_table":11,"minecraft:wooden_pickaxe":1,"minecraft:smoker":1,"minecraft:potato":22,"perfectplushies:doe_plushie":1,"minecraft:stripped_spruce_wood":20,"minecraft:blue_bed":10,"minecraft:dirt":38,"minecraft:red_bed":6,"minecraft:lantern":5,"minecraft:iron_axe":1,"minecraft:stonecutter":2,"minecraft:rabbit_hide":1,"minecraft:wheat_seeds":6,"minecraft:cartography_table":1,"minecraft:rabbit":1,"minecraft:bell":4,"minecraft:spruce_planks":72,"minecraft:iron_ingot":8,"minecraft:grindstone":5,"minecraft:stone_pickaxe":1,"minecraft:poppy":3,"minecraft:iron_pickaxe":1,"minecraft:sugar_cane":3,"minecraft:chest":3,"minecraft:furnace":4,"minecraft:stick":17,"minecraft:composter":9,"minecraft:torch":2,"minecraft:dandelion":3,"minecraft:spruce_stairs":8,"minecraft:spruce_fence":16,"minecraft:porkchop":4,"minecraft:spruce_sapling":6,"minecraft:blast_furnace":3,"minecraft:carrot":4,"minecraft:white_bed":22,"minecraft:spruce_log":27,"minecraft:spruce_door":2,"minecraft:barrel":5,"minecraft:bread":38,"minecraft:coal":15,"minecraft:snowball":252,"minecraft:cobblestone":179},"minecraft:dropped":{"minecraft:iron_ingot":19,"minecraft:wheat_seeds":5,"minecraft:wheat":1,"minecraft:stone_shovel":1,"minecraft:spruce_door":1,"minecraft:spruce_fence":1,"minecraft:stick":22,"minecraft:poppy":2,"minecraft:rabbit_hide":1,"minecraft:rabbit":1,"minecraft:snowball":291,"minecraft:wooden_pickaxe":1,"minecraft:stone_pickaxe":1,"minecraft:dandelion":3},"minecraft:custom":{"minecraft:interact_with_smithing_table":2,"minecraft:mob_kills":4,"minecraft:interact_with_crafting_table":5,"minecraft:interact_with_cartography_table":1,"minecraft:bell_ring":54,"minecraft:time_since_death":57020,"minecraft:sleep_in_bed":3,"minecraft:time_since_rest":10517,"minecraft:sprint_one_cm":56005,"minecraft:damage_taken":280,"minecraft:walk_one_cm":395069,"minecraft:drop":33,"minecraft:damage_dealt":1203,"minecraft:fly_one_cm":65649,"minecraft:talked_to_villager":89,"minecraft:open_chest":38,"minecraft:crouch_one_cm":7876,"minecraft:play_time":57020,"minecraft:sneak_time":2305,"minecraft:walk_under_water_one_cm":113,"minecraft:jump":425,"minecraft:walk_on_water_one_cm":513,"minecraft:total_world_time":57020,"minecraft:fall_one_cm":6381},"minecraft:broken":{"minecraft:stone_axe":1}},"DataVersion":3465}