{"stats":{"minecraft:custom":{"minecraft:interact_with_smithing_table":1,"minecraft:mob_kills":4,"minecraft:interact_with_crafting_table":86,"minecraft:leave_game":1,"minecraft:time_since_death":16112,"minecraft:walk_one_cm":984739,"minecraft:sprint_one_cm":81468,"minecraft:drop":197,"minecraft:deaths":5,"minecraft:sneak_time":39704,"minecraft:walk_under_water_one_cm":5010,"minecraft:jump":2496,"minecraft:walk_on_water_one_cm":9569,"minecraft:interact_with_furnace":62,"minecraft:play_one_minute":310314,"minecraft:sleep_in_bed":2,"minecraft:time_since_rest":16143,"tramplestopper:farmland_saved":2,"minecraft:damage_taken":2183,"minecraft:damage_dealt":2452,"minecraft:player_kills":2,"minecraft:swim_one_cm":771,"minecraft:fly_one_cm":162082,"minecraft:open_chest":451,"minecraft:crouch_one_cm":155753,"tombstone:undead_killed":2,"minecraft:fall_one_cm":41993},"minecraft:killed_by":{"minecraft:player":2,"minecraft:creeper":1},"minecraft:picked_up":{"minecraft:cocoa_beans":2,"minecraft:wheat":6,"exnihilosequentia:piece_uranium":152,"waterstrainer:strainer_survivalist":2,"minecraft:clay_ball":4,"exnihilosequentia:mesh_flint":4,"thermal:cinnabar":103,"exnihilosequentia:piece_nickel":163,"exnihilosequentia:piece_silver":198,"minecraft:potion":1,"alltheores:platinum_ingot":3,"minecraft:string":4571,"exnihilosequentia:seed_carrot":3,"exnihilosequentia:seed_birch":4,"minecraft:flint_and_steel":1,"exnihilosequentia:dust":1,"minecraft:netherite_ingot":7,"ars_nouveau:mana_gem":22,"thermal:sulfur":90,"exnihilosequentia:pebble_diorite":25,"mysticalagriculture:inferium_essence":19,"cobblefordays:tier_1":1,"exnihilosequentia:seed_fern":3,"kubejs:piece_osmium":8,"excompressum:compressed_hammer_stone":2,"thermal:niter":138,"exnihilosequentia:chunk_iron":55,"minecraft:cobblestone_slab":121,"minecraft:player_head":1,"minecraft:jungle_sapling":4,"minecraft:iron_nugget":1,"jaopca:exnihilosequentia_chunks.netherite_scrap":49,"minecraft:iron_pickaxe":1,"minecraft:furnace":1,"exnihilosequentia:piece_lead":161,"minecraft:dark_oak_sapling":5,"exnihilosequentia:hammer_stone":7,"exnihilosequentia:sieve":19,"minecraft:stick":122,"alltheores:copper_ingot":3,"jaopca:exnihilosequentia_pieces.azure_silver":205,"exnihilosequentia:seed_bamboo":1,"mana-and-artifice:vinteum_dust":1,"mysticalagriculture:prosperity_shard":9,"minecraft:torch":8,"exnihilosequentia:seed_potato":4,"compressium:gravel_1":7,"exnihilosequentia:crucible_fired":4,"exnihilosequentia:barrel_wood":2,"exnihilosequentia:crook_wood":7,"thermal:apatite":110,"exnihilosequentia:piece_copper":139,"thermal:peanut_seeds":1,"minecraft:arrow":13,"minecraft:rotten_flesh":2,"minecraft:beetroot_seeds":19,"mob_grinding_utils:ender_inhibitor_on":1,"ars_nouveau:worn_notebook":1,"exnihilosequentia:crushed_netherrack":2,"minecraft:shears":1,"exnihilosequentia:chunk_gold":40,"exnihilosequentia:pebble_blackstone":25,"minecraft:cobblestone":818,"exnihilosequentia:ancient_spores":2,"exnihilosequentia:seed_acacia":3,"mana-and-artifice:mark_of_the_undead":1,"iceandfire:sapphire_gem":22,"exnihilosequentia:seed_sugarcane":2,"exnihilosequentia:piece_gold":163,"exnihilosequentia:piece_aluminum":158,"minecraft:flint":917,"exnihilosequentia:piece_tin":162,"minecraft:oak_log":378,"exnihilosequentia:mesh_emerald":4,"xreliquary:pedestals/passive/red_passive_pedestal":1,"botania:pebble":2099,"minecraft:lapis_lazuli":108,"minecraft:dirt":244,"exnihilosequentia:seed_spruce":1,"exnihilosequentia:seed_oak":1,"jaopca:exnihilosequentia_pieces.netherite_scrap":194,"minecraft:bone":1,"minecraft:apple":39,"exnihilosequentia:crucible_unfired":1,"minecraft:wheat_seeds":56,"ftbquests:book":1,"exnihilosequentia:pebble_granite":27,"minecraft:iron_ingot":48,"exnihilosequentia:piece_platinum":160,"exnihilosequentia:grass_seeds":4,"storagedrawers:oak_full_drawers_1":2,"kubejs:piece_mod":1,"exnihilosequentia:mesh_string":3,"minecraft:oak_slab":6,"exnihilosequentia:seed_jungle":3,"exnihilosequentia:seed_darkoak":1,"silentgear:bort":7,"exnihilosequentia:crook_granite":2,"exnihilosequentia:mesh_iron":11,"minecraft:gravel":1653,"minecraft:lava_bucket":1,"exnihilosequentia:pebble_andesite":24,"minecraft:sand":69,"minecraft:spruce_sapling":6,"thermal:green_bean_seeds":1,"minecraft:white_bed":4,"minecraft:spruce_log":7,"minecraft:spider_eye":1,"exnihilosequentia:piece_zinc":171,"minecraft:dark_oak_log":114,"exnihilosequentia:silkworm":1284,"exnihilosequentia:cooked_silkworm":32,"quark:cobblestone_bricks":2,"jaopca:exnihilosequentia_pieces.cobalt":158,"forbidden_arcanus:arcane_crystal":15,"minecraft:pumpkin_seeds":16,"exnihilosequentia:pebble_basalt":28,"exnihilosequentia:seed_large_fern":2,"exnihilosequentia:mesh_diamond":3,"minecraft:diamond":28,"immersiveengineering:seed":2,"minecraft:stone_axe":2,"waterstrainer:strainer_base":2,"exnihilosequentia:seed_cactus":1,"exnihilosequentia:mesh_netherite":2,"thermal:ruby":12,"compressium:cobblestone_1":65,"minecraft:emerald":36,"mekanism:fluorite_gem":33,"minecraft:bone_meal":3,"exnihilosequentia:pebble_stone":152,"minecraft:oak_sapling":162,"minecraft:melon_seeds":23,"exnihilosequentia:piece_iron":395,"jaopca:exnihilosequentia_pieces.crimson_iron":170,"minecraft:coal":229,"minecraft:oak_leaves":80,"quark:biotite":13},"minecraft:killed":{"mana-and-artifice:witch_hunter":2,"mana-and-artifice:skeleton_assassin":1,"minecraft:zombie":2},"minecraft:used":{"exnihilosequentia:pebble_diorite":1,"storagedrawers:oak_full_drawers_1":1,"minecraft:stone_sword":22,"exnihilosequentia:hammer_stone":531,"minecraft:flint_and_steel":1,"minecraft:chest":10,"exnihilosequentia:pebble_andesite":2,"excompressum:compressed_hammer_stone":74,"minecraft:player_head":1,"minecraft:stone_hoe":18,"minecraft:torch":27,"minecraft:dirt":141,"exnihilosequentia:cooked_silkworm":29,"minecraft:lava_bucket":2,"cobblefordays:tier_1":1,"exnihilosequentia:crook_wood":859,"minecraft:oak_sapling":75,"tombstone:gift":2,"compressium:gravel_1":4,"waterstrainer:strainer_base":3,"minecraft:wheat_seeds":22,"minecraft:water_bucket":8,"quark:cobblestone_bricks":2,"minecraft:stone_pickaxe":139,"minecraft:oak_planks":2,"compressium:cobblestone_1":129,"minecraft:wooden_pickaxe":36,"minecraft:cobblestone_slab":781,"minecraft:sand":1,"minecraft:oak_slab":11,"minecraft:crafting_table":1,"minecraft:white_bed":4,"exnihilosequentia:barrel_wood":3,"minecraft:shears":80,"ceramics:cracked_clay_bucket":2,"ceramics:clay_bucket":25,"minecraft:apple":14,"mob_grinding_utils:ender_inhibitor_on":1,"minecraft:string":19,"minecraft:iron_pickaxe":40,"minecraft:gravel":81,"exnihilosequentia:crucible_fired":4,"exnihilosequentia:sieve":30,"minecraft:stone_axe":465,"minecraft:cobblestone":1652,"minecraft:smithing_table":1,"exnihilosequentia:crook_stone":116,"minecraft:bucket":15,"exnihilosequentia:crook_granite":512,"exnihilosequentia:silkworm":37,"minecraft:ice":2,"minecraft:bone_meal":1},"minecraft:crafted":{"minecraft:brick":2,"minecraft:oak_planks":28,"minecraft:flint_and_steel":1,"minecraft:glass":1,"minecraft:chest":3,"minecraft:netherite_scrap":3,"alltheores:platinum_ingot":1,"exnihilosequentia:barrel_wood":1,"exnihilosequentia:sieve":10,"minecraft:oak_slab":18,"storagedrawers:oak_full_drawers_1":1,"minecraft:air":2140,"cobblefordays:tier_1":1,"exnihilosequentia:mesh_string":1,"alltheores:copper_ingot":1,"minecraft:charcoal":8,"minecraft:stick":8,"minecraft:flint":9,"minecraft:iron_ingot":20,"minecraft:stone_sword":1,"exnihilosequentia:chunk_gold":1},"minecraft:mined":{"minecraft:white_bed":4,"minecraft:oak_sapling":1,"minecraft:farmland":1,"minecraft:dark_oak_log":39,"minecraft:grass_block":16,"minecraft:furnace":1,"mob_grinding_utils:ender_inhibitor_on":1,"compressium:gravel_1":4,"minecraft:fire":1,"exnihilosequentia:sieve":18,"minecraft:cobblestone_slab":72,"exnihilosequentia:crucible_fired":3,"minecraft:stone":4,"minecraft:player_head":1,"minecraft:tripwire":14,"minecraft:oak_slab":5,"minecraft:torch":4,"quark:cobblestone_bricks":2,"exnihilosequentia:infesting_leaves":2,"minecraft:cobblestone":647,"compressium:cobblestone_1":73,"storagedrawers:oak_full_drawers_1":1,"minecraft:wheat":11,"minecraft:ice":2,"minecraft:spruce_log":7,"minecraft:grass":12,"exnihilosequentia:barrel_wood":1,"minecraft:oak_log":362,"minecraft:gravel":25,"minecraft:dirt":56,"waterstrainer:strainer_base":4,"minecraft:oak_leaves":494,"exnihilosequentia:infested_leaves":1283},"minecraft:dropped":{"minecraft:iron_ingot":38,"excompressum:compressed_hammer_stone":1,"exnihilosequentia:sieve":1,"minecraft:wheat_seeds":22,"minecraft:lapis_lazuli":1,"minecraft:oak_log":86,"exnihilosequentia:piece_uranium":3,"exnihilosequentia:pebble_basalt":13,"minecraft:cobblestone":225,"compressium:gravel_1":8,"cobblefordays:tier_1":1,"minecraft:coal":9,"exnihilosequentia:barrel_wood":2,"exnihilosequentia:seed_sugarcane":1,"minecraft:flint":30,"minecraft:stick":15,"minecraft:lava_bucket":1,"exnihilosequentia:ancient_spores":1,"storagedrawers:oak_full_drawers_1":1,"minecraft:dirt":55,"ars_nouveau:worn_notebook":1,"exnihilosequentia:piece_tin":4,"exnihilosequentia:pebble_stone":89,"exnihilosequentia:piece_platinum":2,"jaopca:exnihilosequentia_pieces.crimson_iron":2,"exnihilosequentia:piece_iron":6,"exnihilosequentia:seed_spruce":1,"tombstone:grave_dust":1,"exnihilosequentia:mesh_diamond":1,"exnihilosequentia:seed_potato":1,"minecraft:bone_meal":3,"exnihilosequentia:mesh_emerald":2,"thermal:peanut_seeds":1,"alltheores:platinum_ingot":3,"minecraft:string":64,"exnihilosequentia:piece_nickel":1,"exnihilosequentia:seed_acacia":1,"exnihilosequentia:piece_silver":3,"exnihilosequentia:seed_large_fern":1,"thermal:green_bean_seeds":1,"exnihilosequentia:piece_zinc":1,"jaopca:exnihilosequentia_pieces.cobalt":1,"mana-and-artifice:vinteum_dust":1,"minecraft:gravel":877,"exnihilosequentia:hammer_stone":1,"minecraft:stone_axe":2,"minecraft:iron_nugget":1,"exnihilosequentia:mesh_iron":1,"thermal:apatite":2,"botania:pebble":65,"exnihilosequentia:seed_jungle":2,"exnihilosequentia:pebble_diorite":16,"alltheores:copper_ingot":3,"exnihilosequentia:silkworm":2,"minecraft:white_bed":1,"exnihilosequentia:pebble_granite":15,"minecraft:pumpkin_seeds":12,"exnihilosequentia:pebble_blackstone":15,"minecraft:flint_and_steel":1,"exnihilosequentia:seed_carrot":2,"exnihilosequentia:crucible_unfired":1,"minecraft:cobblestone_slab":18,"exnihilosequentia:grass_seeds":1,"minecraft:oak_sapling":1,"exnihilosequentia:piece_gold":2,"minecraft:beetroot_seeds":12,"minecraft:melon_seeds":13,"minecraft:chest":1,"exnihilosequentia:mesh_netherite":2,"forbidden_arcanus:arcane_crystal":1,"minecraft:spider_eye":1,"minecraft:wooden_pickaxe":1,"exnihilosequentia:piece_copper":3,"exnihilosequentia:seed_cactus":1,"exnihilosequentia:seed_fern":3,"mana-and-artifice:mark_of_the_undead":1,"exnihilosequentia:seed_birch":2,"exnihilosequentia:mesh_string":1,"exnihilosequentia:piece_lead":1,"minecraft:brick":2},"minecraft:broken":{"exnihilosequentia:crook_wood":7,"exnihilosequentia:hammer_stone":3,"minecraft:stone_axe":4,"exnihilosequentia:crook_granite":1}},"DataVersion":2586}