{"stats":{"minecraft:crafted":{"minecraft:oak_slab":6,"storagedrawers:oak_full_drawers_1":1,"minecraft:air":899,"minecraft:charcoal":8,"minecraft:stick":4,"exnihilosequentia:barrel_wood":1,"exnihilosequentia:sieve":1},"minecraft:custom":{"minecraft:interact_with_furnace":5,"minecraft:interact_with_crafting_table":39,"minecraft:play_one_minute":88514,"minecraft:time_since_death":88514,"minecraft:sleep_in_bed":1,"minecraft:time_since_rest":44143,"minecraft:walk_one_cm":222964,"minecraft:sprint_one_cm":5231,"minecraft:damage_taken":260,"minecraft:drop":19,"minecraft:damage_dealt":35,"minecraft:swim_one_cm":771,"minecraft:fly_one_cm":7231,"minecraft:open_chest":76,"minecraft:crouch_one_cm":72745,"minecraft:sneak_time":18820,"minecraft:walk_under_water_one_cm":3632,"minecraft:jump":452,"minecraft:walk_on_water_one_cm":5034,"minecraft:fall_one_cm":2593},"minecraft:picked_up":{"exnihilosequentia:seed_acacia":2,"exnihilosequentia:ancient_spores":1,"minecraft:cocoa_beans":1,"exnihilosequentia:piece_uranium":2,"exnihilosequentia:seed_sugarcane":1,"exnihilosequentia:mesh_flint":1,"exnihilosequentia:piece_nickel":2,"exnihilosequentia:piece_aluminum":4,"exnihilosequentia:piece_silver":2,"minecraft:flint":13,"exnihilosequentia:piece_tin":2,"minecraft:oak_log":83,"xreliquary:pedestals/passive/red_passive_pedestal":1,"minecraft:lapis_lazuli":2,"botania:pebble":614,"minecraft:dirt":81,"minecraft:string":1665,"exnihilosequentia:seed_carrot":1,"exnihilosequentia:seed_birch":2,"jaopca:exnihilosequentia_pieces.netherite_scrap":1,"exnihilosequentia:dust":1,"exnihilosequentia:seed_oak":1,"minecraft:apple":5,"exnihilosequentia:pebble_diorite":9,"minecraft:wheat_seeds":13,"ftbquests:book":1,"exnihilosequentia:pebble_granite":12,"exnihilosequentia:piece_platinum":3,"excompressum:compressed_hammer_stone":1,"exnihilosequentia:grass_seeds":3,"minecraft:cobblestone_slab":25,"minecraft:player_head":1,"storagedrawers:oak_full_drawers_1":2,"exnihilosequentia:piece_lead":3,"jaopca:exnihilosequentia_pieces.azure_silver":2,"minecraft:dark_oak_sapling":3,"minecraft:furnace":1,"exnihilosequentia:hammer_stone":1,"exnihilosequentia:mesh_string":2,"exnihilosequentia:sieve":2,"minecraft:oak_slab":4,"minecraft:stick":37,"exnihilosequentia:seed_darkoak":1,"exnihilosequentia:seed_jungle":1,"exnihilosequentia:seed_bamboo":1,"mana-and-artifice:vinteum_dust":1,"minecraft:gravel":116,"exnihilosequentia:seed_potato":3,"minecraft:sand":45,"exnihilosequentia:pebble_andesite":7,"minecraft:spruce_sapling":6,"minecraft:white_bed":2,"minecraft:spruce_log":7,"exnihilosequentia:piece_zinc":2,"minecraft:dark_oak_log":39,"exnihilosequentia:silkworm":465,"exnihilosequentia:barrel_wood":1,"exnihilosequentia:crook_wood":1,"exnihilosequentia:piece_copper":3,"jaopca:exnihilosequentia_pieces.cobalt":2,"exnihilosequentia:seed_large_fern":1,"minecraft:pumpkin_seeds":4,"exnihilosequentia:pebble_basalt":15,"minecraft:stone_axe":1,"minecraft:beetroot_seeds":7,"mob_grinding_utils:ender_inhibitor_on":1,"ars_nouveau:worn_notebook":1,"exnihilosequentia:crushed_netherrack":2,"exnihilosequentia:piece_iron":5,"exnihilosequentia:pebble_stone":63,"minecraft:oak_sapling":42,"jaopca:exnihilosequentia_pieces.crimson_iron":3,"minecraft:melon_seeds":9,"exnihilosequentia:pebble_blackstone":10,"minecraft:cobblestone":96},"minecraft:used":{"exnihilosequentia:pebble_diorite":1,"storagedrawers:oak_full_drawers_1":1,"minecraft:stone_pickaxe":102,"minecraft:oak_planks":2,"minecraft:chest":3,"minecraft:wooden_pickaxe":36,"exnihilosequentia:pebble_andesite":2,"minecraft:cobblestone_slab":450,"minecraft:player_head":1,"minecraft:stone_hoe":2,"minecraft:torch":3,"minecraft:sand":1,"minecraft:dirt":66,"minecraft:oak_slab":9,"minecraft:crafting_table":1,"exnihilosequentia:cooked_silkworm":2,"minecraft:white_bed":2,"exnihilosequentia:barrel_wood":2,"ceramics:clay_bucket":8,"mob_grinding_utils:ender_inhibitor_on":1,"minecraft:apple":1,"minecraft:string":8,"minecraft:gravel":74,"exnihilosequentia:sieve":4,"minecraft:stone_axe":136,"exnihilosequentia:crook_wood":102,"minecraft:oak_sapling":25,"minecraft:ice":1,"exnihilosequentia:silkworm":12,"minecraft:wheat_seeds":1,"exnihilosequentia:crook_granite":512},"minecraft:dropped":{"minecraft:gravel":21,"excompressum:compressed_hammer_stone":1,"exnihilosequentia:sieve":1,"minecraft:oak_log":13,"botania:pebble":64,"minecraft:cobblestone":33,"exnihilosequentia:silkworm":2,"minecraft:white_bed":1,"exnihilosequentia:barrel_wood":2,"minecraft:stick":15,"storagedrawers:oak_full_drawers_1":1,"ars_nouveau:worn_notebook":1,"minecraft:cobblestone_slab":18,"minecraft:wooden_pickaxe":1,"exnihilosequentia:mesh_string":1,"mana-and-artifice:vinteum_dust":1},"minecraft:broken":{"minecraft:stone_axe":1,"exnihilosequentia:crook_granite":1},"minecraft:mined":{"minecraft:oak_slab":3,"minecraft:white_bed":2,"minecraft:oak_sapling":1,"minecraft:dark_oak_log":39,"minecraft:grass_block":11,"exnihilosequentia:infesting_leaves":2,"minecraft:cobblestone":118,"minecraft:furnace":1,"minecraft:wheat":1,"mob_grinding_utils:ender_inhibitor_on":1,"storagedrawers:oak_full_drawers_1":1,"minecraft:ice":1,"minecraft:spruce_log":7,"exnihilosequentia:sieve":1,"minecraft:oak_log":80,"minecraft:cobblestone_slab":19,"minecraft:gravel":19,"minecraft:dirt":49,"minecraft:player_head":1,"minecraft:oak_leaves":157,"minecraft:tripwire":8,"exnihilosequentia:infested_leaves":484}},"DataVersion":2586}