{"stats":{"minecraft:crafted":{"minecraft:oak_planks":24,"minecraft:chest":3,"minecraft:netherite_scrap":3,"alltheores:platinum_ingot":1,"exnihilosequentia:barrel_wood":1,"exnihilosequentia:sieve":6,"minecraft:oak_slab":18,"storagedrawers:oak_full_drawers_1":1,"minecraft:air":1772,"alltheores:copper_ingot":1,"minecraft:charcoal":8,"minecraft:stick":8,"minecraft:iron_ingot":4,"minecraft:stone_sword":1,"exnihilosequentia:chunk_gold":1},"minecraft:custom":{"minecraft:mob_kills":4,"minecraft:interact_with_crafting_table":58,"minecraft:time_since_death":7808,"minecraft:sprint_one_cm":50603,"minecraft:walk_one_cm":692195,"minecraft:drop":155,"minecraft:deaths":2,"minecraft:sneak_time":34596,"minecraft:walk_under_water_one_cm":3632,"minecraft:jump":1584,"minecraft:walk_on_water_one_cm":5657,"minecraft:interact_with_furnace":45,"minecraft:play_one_minute":220514,"minecraft:sleep_in_bed":2,"minecraft:time_since_rest":7835,"minecraft:damage_taken":1440,"minecraft:damage_dealt":2053,"minecraft:player_kills":1,"minecraft:swim_one_cm":771,"minecraft:fly_one_cm":105972,"minecraft:open_chest":272,"minecraft:crouch_one_cm":140262,"tombstone:undead_killed":2,"minecraft:fall_one_cm":23811},"minecraft:picked_up":{"minecraft:cocoa_beans":2,"minecraft:wheat":5,"exnihilosequentia:piece_uranium":34,"exnihilosequentia:mesh_flint":3,"waterstrainer:strainer_survivalist":1,"exnihilosequentia:piece_nickel":43,"exnihilosequentia:piece_silver":29,"minecraft:potion":1,"alltheores:platinum_ingot":3,"exnihilosequentia:seed_carrot":3,"minecraft:string":4571,"exnihilosequentia:seed_birch":4,"exnihilosequentia:dust":1,"exnihilosequentia:pebble_diorite":25,"exnihilosequentia:seed_fern":3,"excompressum:compressed_hammer_stone":1,"exnihilosequentia:chunk_iron":1,"minecraft:cobblestone_slab":76,"minecraft:player_head":1,"minecraft:jungle_sapling":4,"minecraft:iron_pickaxe":1,"minecraft:furnace":1,"exnihilosequentia:piece_lead":42,"exnihilosequentia:hammer_stone":4,"exnihilosequentia:sieve":4,"minecraft:dark_oak_sapling":5,"minecraft:stick":121,"alltheores:copper_ingot":3,"jaopca:exnihilosequentia_pieces.azure_silver":34,"exnihilosequentia:seed_bamboo":1,"mana-and-artifice:vinteum_dust":1,"minecraft:torch":6,"exnihilosequentia:seed_potato":4,"exnihilosequentia:barrel_wood":2,"exnihilosequentia:crook_wood":7,"thermal:peanut_seeds":1,"exnihilosequentia:piece_copper":30,"minecraft:arrow":13,"minecraft:rotten_flesh":2,"minecraft:beetroot_seeds":19,"mob_grinding_utils:ender_inhibitor_on":1,"minecraft:shears":1,"ars_nouveau:worn_notebook":1,"exnihilosequentia:crushed_netherrack":2,"exnihilosequentia:pebble_blackstone":25,"minecraft:cobblestone":812,"exnihilosequentia:ancient_spores":2,"exnihilosequentia:seed_acacia":3,"mana-and-artifice:mark_of_the_undead":1,"exnihilosequentia:seed_sugarcane":2,"exnihilosequentia:piece_gold":41,"exnihilosequentia:piece_aluminum":36,"minecraft:flint":428,"exnihilosequentia:piece_tin":40,"minecraft:oak_log":368,"xreliquary:pedestals/passive/red_passive_pedestal":1,"botania:pebble":1996,"minecraft:lapis_lazuli":29,"minecraft:dirt":238,"exnihilosequentia:seed_spruce":1,"exnihilosequentia:seed_oak":1,"jaopca:exnihilosequentia_pieces.netherite_scrap":58,"minecraft:bone":1,"minecraft:apple":39,"minecraft:wheat_seeds":49,"ftbquests:book":1,"exnihilosequentia:pebble_granite":27,"minecraft:iron_ingot":48,"exnihilosequentia:piece_platinum":44,"exnihilosequentia:grass_seeds":4,"storagedrawers:oak_full_drawers_1":2,"exnihilosequentia:mesh_string":2,"minecraft:oak_slab":4,"exnihilosequentia:seed_jungle":3,"exnihilosequentia:seed_darkoak":1,"exnihilosequentia:crook_granite":2,"exnihilosequentia:mesh_iron":1,"minecraft:gravel":962,"exnihilosequentia:pebble_andesite":24,"minecraft:sand":59,"thermal:green_bean_seeds":1,"minecraft:spruce_sapling":6,"minecraft:spider_eye":1,"minecraft:white_bed":2,"minecraft:spruce_log":7,"exnihilosequentia:silkworm":1284,"minecraft:dark_oak_log":114,"exnihilosequentia:piece_zinc":45,"exnihilosequentia:cooked_silkworm":32,"jaopca:exnihilosequentia_pieces.cobalt":38,"minecraft:pumpkin_seeds":16,"exnihilosequentia:pebble_basalt":28,"exnihilosequentia:seed_large_fern":2,"immersiveengineering:seed":2,"minecraft:stone_axe":2,"exnihilosequentia:seed_cactus":1,"minecraft:bone_meal":3,"exnihilosequentia:pebble_stone":152,"minecraft:oak_sapling":160,"minecraft:melon_seeds":23,"exnihilosequentia:piece_iron":95,"jaopca:exnihilosequentia_pieces.crimson_iron":52,"minecraft:coal":112,"minecraft:oak_leaves":80},"minecraft:used":{"exnihilosequentia:pebble_diorite":1,"storagedrawers:oak_full_drawers_1":1,"minecraft:stone_sword":22,"exnihilosequentia:hammer_stone":524,"minecraft:chest":6,"exnihilosequentia:pebble_andesite":2,"minecraft:player_head":1,"minecraft:stone_hoe":18,"minecraft:torch":21,"minecraft:dirt":140,"exnihilosequentia:cooked_silkworm":29,"exnihilosequentia:crook_wood":859,"minecraft:oak_sapling":75,"tombstone:gift":2,"minecraft:wheat_seeds":21,"minecraft:stone_pickaxe":128,"minecraft:oak_planks":2,"minecraft:wooden_pickaxe":36,"minecraft:cobblestone_slab":660,"minecraft:sand":1,"minecraft:oak_slab":9,"minecraft:crafting_table":1,"minecraft:white_bed":2,"exnihilosequentia:barrel_wood":3,"minecraft:shears":80,"ceramics:clay_bucket":10,"minecraft:apple":14,"mob_grinding_utils:ender_inhibitor_on":1,"minecraft:iron_pickaxe":2,"minecraft:string":19,"minecraft:gravel":75,"exnihilosequentia:sieve":11,"minecraft:stone_axe":465,"minecraft:cobblestone":1603,"minecraft:ice":2,"exnihilosequentia:silkworm":37,"exnihilosequentia:crook_stone":116,"minecraft:bone_meal":1,"exnihilosequentia:crook_granite":512},"minecraft:killed_by":{"minecraft:creeper":1},"minecraft:dropped":{"minecraft:iron_ingot":38,"excompressum:compressed_hammer_stone":1,"exnihilosequentia:sieve":1,"minecraft:wheat_seeds":22,"minecraft:lapis_lazuli":1,"minecraft:oak_log":86,"exnihilosequentia:piece_uranium":3,"exnihilosequentia:pebble_basalt":13,"minecraft:cobblestone":33,"minecraft:coal":9,"exnihilosequentia:barrel_wood":2,"exnihilosequentia:seed_sugarcane":1,"minecraft:stick":15,"minecraft:flint":26,"exnihilosequentia:ancient_spores":1,"minecraft:dirt":50,"storagedrawers:oak_full_drawers_1":1,"ars_nouveau:worn_notebook":1,"exnihilosequentia:piece_tin":4,"exnihilosequentia:pebble_stone":89,"exnihilosequentia:piece_platinum":2,"jaopca:exnihilosequentia_pieces.crimson_iron":2,"exnihilosequentia:piece_iron":6,"exnihilosequentia:seed_spruce":1,"exnihilosequentia:seed_potato":1,"minecraft:bone_meal":3,"alltheores:platinum_ingot":3,"exnihilosequentia:seed_acacia":1,"exnihilosequentia:piece_nickel":1,"minecraft:string":64,"exnihilosequentia:piece_silver":2,"exnihilosequentia:seed_large_fern":1,"jaopca:exnihilosequentia_pieces.cobalt":1,"exnihilosequentia:piece_zinc":1,"mana-and-artifice:vinteum_dust":1,"minecraft:gravel":292,"minecraft:stone_axe":2,"exnihilosequentia:mesh_iron":1,"botania:pebble":64,"exnihilosequentia:seed_jungle":2,"exnihilosequentia:pebble_diorite":16,"alltheores:copper_ingot":3,"exnihilosequentia:silkworm":2,"minecraft:white_bed":1,"exnihilosequentia:pebble_granite":15,"minecraft:pumpkin_seeds":12,"exnihilosequentia:pebble_blackstone":15,"exnihilosequentia:seed_carrot":2,"minecraft:cobblestone_slab":18,"exnihilosequentia:grass_seeds":1,"exnihilosequentia:piece_gold":2,"minecraft:melon_seeds":13,"minecraft:beetroot_seeds":12,"minecraft:chest":1,"minecraft:spider_eye":1,"minecraft:wooden_pickaxe":1,"exnihilosequentia:piece_copper":3,"exnihilosequentia:seed_cactus":1,"exnihilosequentia:seed_birch":2,"exnihilosequentia:seed_fern":3,"mana-and-artifice:mark_of_the_undead":1,"exnihilosequentia:mesh_string":1,"exnihilosequentia:piece_lead":1},"minecraft:broken":{"exnihilosequentia:crook_wood":7,"exnihilosequentia:hammer_stone":3,"minecraft:stone_axe":4,"exnihilosequentia:crook_granite":1},"minecraft:killed":{"mana-and-artifice:witch_hunter":2,"mana-and-artifice:skeleton_assassin":1,"minecraft:zombie":2},"minecraft:mined":{"minecraft:white_bed":2,"minecraft:oak_sapling":1,"minecraft:dark_oak_log":39,"minecraft:grass_block":12,"minecraft:furnace":1,"mob_grinding_utils:ender_inhibitor_on":1,"exnihilosequentia:sieve":3,"minecraft:cobblestone_slab":39,"minecraft:player_head":1,"minecraft:tripwire":14,"minecraft:oak_slab":3,"minecraft:torch":4,"exnihilosequentia:infesting_leaves":2,"minecraft:cobblestone":641,"minecraft:wheat":6,"storagedrawers:oak_full_drawers_1":1,"minecraft:ice":2,"minecraft:spruce_log":7,"minecraft:grass":12,"exnihilosequentia:barrel_wood":1,"minecraft:oak_log":352,"minecraft:gravel":19,"minecraft:dirt":56,"exnihilosequentia:infested_leaves":1283,"minecraft:oak_leaves":490}},"DataVersion":2586}