{"stats":{"minecraft:used":{"minecraft:iron_shovel":9,"minecraft:stone_pickaxe":88,"minecraft:spruce_planks":121,"minecraft:blue_bed":4,"minecraft:bell":3,"minecraft:torch":1,"minecraft:dirt":3,"minecraft:white_bed":7,"minecraft:lantern":2,"minecraft:bread":2,"minecraft:iron_pickaxe":108,"minecraft:barrel":2,"minecraft:stone_axe":84,"minecraft:cobblestone":57},"minecraft:mined":{"minecraft:spruce_planks":25,"minecraft:white_bed":15,"minecraft:red_bed":2,"minecraft:spruce_door":1,"minecraft:powder_snow":3,"minecraft:grass_block":13,"minecraft:spruce_fence":7,"minecraft:chest":1,"minecraft:cobblestone":15,"perfectplushies:doe_plushie":1,"minecraft:spruce_leaves":1,"minecraft:grindstone":2,"minecraft:sugar_cane":1,"minecraft:cartography_table":1,"minecraft:blue_bed":8,"minecraft:wall_torch":1,"minecraft:spruce_stairs":3,"minecraft:furnace":4,"minecraft:stripped_spruce_wood":16,"minecraft:barrel":5,"minecraft:ice":1,"minecraft:spruce_log":10,"minecraft:bell":3,"minecraft:grass":3,"minecraft:lantern":1,"minecraft:dirt":4,"minecraft:stonecutter":1,"minecraft:stone":160},"minecraft:killed":{"minecraft:pig":2},"minecraft:crafted":{"minecraft:spruce_planks":144,"minecraft:stone_axe":1,"minecraft:iron_shovel":1},"minecraft:picked_up":{"minecraft:wooden_pickaxe":1,"perfectplushies:doe_plushie":1,"minecraft:stripped_spruce_wood":16,"minecraft:blue_bed":7,"minecraft:dirt":19,"minecraft:red_bed":2,"minecraft:lantern":2,"minecraft:stonecutter":1,"minecraft:wheat_seeds":2,"minecraft:cartography_table":1,"minecraft:bell":4,"minecraft:spruce_planks":27,"minecraft:iron_ingot":3,"minecraft:grindstone":2,"minecraft:stone_pickaxe":1,"minecraft:poppy":1,"minecraft:iron_pickaxe":1,"minecraft:sugar_cane":3,"minecraft:chest":1,"minecraft:furnace":4,"minecraft:stick":17,"minecraft:torch":1,"minecraft:spruce_stairs":3,"minecraft:spruce_fence":6,"minecraft:porkchop":4,"minecraft:spruce_sapling":5,"minecraft:white_bed":14,"minecraft:spruce_log":27,"minecraft:spruce_door":1,"minecraft:barrel":5,"minecraft:coal":15,"minecraft:cobblestone":173},"minecraft:dropped":{"minecraft:iron_ingot":19,"minecraft:wheat_seeds":1,"minecraft:stick":22},"minecraft:custom":{"minecraft:mob_kills":2,"minecraft:interact_with_crafting_table":2,"minecraft:interact_with_cartography_table":1,"minecraft:bell_ring":12,"minecraft:time_since_death":33020,"minecraft:sleep_in_bed":2,"minecraft:time_since_rest":1490,"minecraft:sprint_one_cm":33727,"minecraft:damage_taken":150,"minecraft:walk_one_cm":225125,"minecraft:drop":3,"minecraft:damage_dealt":252,"minecraft:fly_one_cm":49960,"minecraft:talked_to_villager":5,"minecraft:open_chest":11,"minecraft:crouch_one_cm":6241,"minecraft:play_time":33020,"minecraft:sneak_time":1732,"minecraft:walk_under_water_one_cm":113,"minecraft:jump":327,"minecraft:walk_on_water_one_cm":475,"minecraft:total_world_time":33020,"minecraft:fall_one_cm":4399}},"DataVersion":3465}