{"stats":{"minecraft:crafted":{"minecraft:oak_slab":6,"minecraft:air":466,"minecraft:charcoal":8,"minecraft:stick":4,"exnihilosequentia:barrel_wood":1,"exnihilosequentia:sieve":1},"minecraft:custom":{"minecraft:interact_with_furnace":4,"minecraft:interact_with_crafting_table":29,"minecraft:play_one_minute":52514,"minecraft:time_since_death":52514,"minecraft:sleep_in_bed":1,"minecraft:time_since_rest":8143,"minecraft:walk_one_cm":96466,"minecraft:sprint_one_cm":625,"minecraft:damage_taken":200,"minecraft:drop":14,"minecraft:swim_one_cm":771,"minecraft:fly_one_cm":908,"minecraft:open_chest":25,"minecraft:crouch_one_cm":59458,"minecraft:sneak_time":15874,"minecraft:walk_under_water_one_cm":3632,"minecraft:jump":246,"minecraft:walk_on_water_one_cm":4531,"minecraft:fall_one_cm":1019},"minecraft:picked_up":{"exnihilosequentia:seed_acacia":1,"exnihilosequentia:ancient_spores":1,"exnihilosequentia:seed_sugarcane":1,"minecraft:oak_log":45,"botania:pebble":606,"minecraft:dirt":60,"minecraft:string":215,"exnihilosequentia:seed_carrot":1,"exnihilosequentia:seed_oak":1,"minecraft:apple":2,"exnihilosequentia:pebble_diorite":5,"minecraft:wheat_seeds":7,"ftbquests:book":1,"exnihilosequentia:pebble_granite":6,"excompressum:compressed_hammer_stone":1,"exnihilosequentia:grass_seeds":1,"minecraft:cobblestone_slab":5,"minecraft:player_head":1,"exnihilosequentia:hammer_stone":1,"exnihilosequentia:sieve":1,"minecraft:oak_slab":4,"minecraft:stick":28,"exnihilosequentia:seed_darkoak":1,"exnihilosequentia:seed_jungle":1,"exnihilosequentia:seed_potato":3,"exnihilosequentia:pebble_andesite":4,"minecraft:spruce_sapling":4,"exnihilosequentia:silkworm":64,"exnihilosequentia:barrel_wood":1,"exnihilosequentia:crook_wood":1,"minecraft:pumpkin_seeds":1,"exnihilosequentia:pebble_basalt":7,"minecraft:beetroot_seeds":2,"mob_grinding_utils:ender_inhibitor_on":1,"ars_nouveau:worn_notebook":1,"exnihilosequentia:pebble_stone":26,"minecraft:oak_sapling":27,"minecraft:melon_seeds":5,"exnihilosequentia:pebble_blackstone":4,"minecraft:cobblestone":95},"minecraft:used":{"minecraft:stone_pickaxe":84,"minecraft:oak_planks":2,"minecraft:chest":1,"minecraft:wooden_pickaxe":36,"minecraft:cobblestone_slab":129,"minecraft:player_head":1,"minecraft:torch":3,"minecraft:dirt":48,"minecraft:oak_slab":9,"minecraft:crafting_table":1,"exnihilosequentia:cooked_silkworm":2,"exnihilosequentia:barrel_wood":2,"ceramics:clay_bucket":7,"mob_grinding_utils:ender_inhibitor_on":1,"minecraft:apple":1,"exnihilosequentia:sieve":2,"minecraft:stone_axe":40,"minecraft:oak_sapling":10,"minecraft:ice":1,"exnihilosequentia:silkworm":3,"exnihilosequentia:crook_granite":207},"minecraft:dropped":{"exnihilosequentia:sieve":1,"minecraft:oak_log":13,"botania:pebble":64,"minecraft:cobblestone":33,"exnihilosequentia:silkworm":2,"minecraft:white_bed":1,"exnihilosequentia:barrel_wood":2,"minecraft:stick":15,"ars_nouveau:worn_notebook":1,"minecraft:cobblestone_slab":18,"minecraft:wooden_pickaxe":1},"minecraft:mined":{"minecraft:oak_slab":2,"minecraft:oak_sapling":1,"minecraft:grass_block":10,"exnihilosequentia:infesting_leaves":2,"minecraft:cobblestone":117,"mob_grinding_utils:ender_inhibitor_on":1,"minecraft:ice":1,"minecraft:oak_log":42,"minecraft:cobblestone_slab":3,"minecraft:dirt":49,"minecraft:player_head":1,"minecraft:oak_leaves":156,"exnihilosequentia:infested_leaves":66}},"DataVersion":2586}