{"stats":{"minecraft:crafted":{"minecraft:charcoal":8,"minecraft:air":298},"minecraft:picked_up":{"minecraft:oak_slab":4,"minecraft:stick":18,"minecraft:oak_log":25,"minecraft:spruce_sapling":4,"exnihilosequentia:silkworm":12,"botania:pebble":357,"minecraft:dirt":51,"exnihilosequentia:crook_wood":1,"minecraft:apple":1,"mob_grinding_utils:ender_inhibitor_on":1,"ars_nouveau:worn_notebook":1,"ftbquests:book":1,"minecraft:cobblestone_slab":5,"minecraft:player_head":1,"minecraft:oak_sapling":20,"minecraft:cobblestone":95},"minecraft:custom":{"minecraft:time_since_rest":40514,"minecraft:interact_with_furnace":2,"minecraft:damage_taken":180,"minecraft:sprint_one_cm":564,"minecraft:walk_one_cm":59792,"minecraft:drop":10,"minecraft:swim_one_cm":771,"minecraft:interact_with_crafting_table":18,"minecraft:fly_one_cm":292,"minecraft:open_chest":15,"minecraft:crouch_one_cm":51629,"minecraft:play_one_minute":40514,"minecraft:sneak_time":13975,"minecraft:walk_under_water_one_cm":3632,"minecraft:jump":176,"minecraft:time_since_death":40514,"minecraft:walk_on_water_one_cm":4531,"minecraft:fall_one_cm":687},"minecraft:used":{"minecraft:apple":1,"mob_grinding_utils:ender_inhibitor_on":1,"minecraft:stone_pickaxe":84,"minecraft:oak_planks":2,"minecraft:chest":1,"minecraft:wooden_pickaxe":36,"minecraft:cobblestone_slab":129,"minecraft:player_head":1,"minecraft:stone_axe":14,"minecraft:torch":3,"minecraft:dirt":43,"minecraft:crafting_table":1,"minecraft:oak_slab":9,"exnihilosequentia:cooked_silkworm":2,"minecraft:oak_sapling":7,"minecraft:ice":1,"exnihilosequentia:silkworm":2,"exnihilosequentia:crook_granite":111,"ceramics:clay_bucket":7},"minecraft:dropped":{"minecraft:cobblestone_slab":18,"ars_nouveau:worn_notebook":1,"minecraft:oak_log":13,"botania:pebble":64,"minecraft:cobblestone":33,"exnihilosequentia:silkworm":2,"minecraft:wooden_pickaxe":1,"minecraft:stick":15},"minecraft:mined":{"minecraft:oak_slab":2,"minecraft:oak_sapling":1,"mob_grinding_utils:ender_inhibitor_on":1,"minecraft:ice":1,"minecraft:grass_block":10,"minecraft:oak_log":22,"minecraft:cobblestone_slab":3,"exnihilosequentia:infesting_leaves":2,"minecraft:dirt":43,"minecraft:cobblestone":117,"minecraft:player_head":1,"minecraft:oak_leaves":120}},"DataVersion":2586}