{"stats":{"minecraft:crafted":{"minecraft:air":100},"minecraft:picked_up":{"minecraft:oak_slab":4,"minecraft:stick":3,"ars_nouveau:worn_notebook":1,"minecraft:cobblestone_slab":1,"minecraft:oak_log":11,"minecraft:oak_sapling":3,"minecraft:cobblestone":29,"minecraft:dirt":51},"minecraft:custom":{"minecraft:open_chest":3,"minecraft:time_since_rest":16514,"minecraft:play_one_minute":16514,"minecraft:crouch_one_cm":31245,"minecraft:walk_one_cm":12908,"minecraft:sneak_time":8866,"minecraft:walk_under_water_one_cm":3003,"minecraft:drop":2,"minecraft:jump":91,"minecraft:walk_on_water_one_cm":3833,"minecraft:time_since_death":16514,"minecraft:swim_one_cm":771,"minecraft:fall_one_cm":478,"minecraft:interact_with_crafting_table":7},"minecraft:used":{"minecraft:dirt":41,"minecraft:oak_slab":9,"minecraft:crafting_table":1,"minecraft:oak_sapling":1,"minecraft:oak_planks":2,"minecraft:ice":1,"minecraft:chest":1,"minecraft:wooden_pickaxe":36,"minecraft:cobblestone_slab":42,"ceramics:clay_bucket":6},"minecraft:dropped":{"ars_nouveau:worn_notebook":1,"minecraft:wooden_pickaxe":1},"minecraft:mined":{"minecraft:oak_slab":2,"minecraft:grass_block":10,"minecraft:oak_log":11,"minecraft:cobblestone_slab":2,"minecraft:dirt":43,"minecraft:cobblestone":34,"minecraft:ice":1,"minecraft:oak_leaves":8}},"DataVersion":2586}