{"stats":{"minecraft:crafted":{"minecraft:oak_planks":24,"minecraft:chest":3,"minecraft:netherite_scrap":3,"alltheores:platinum_ingot":1,"exnihilosequentia:barrel_wood":1,"exnihilosequentia:sieve":6,"minecraft:oak_slab":18,"storagedrawers:oak_full_drawers_1":1,"minecraft:air":1221,"alltheores:copper_ingot":1,"minecraft:charcoal":8,"minecraft:stick":8,"minecraft:iron_ingot":4,"exnihilosequentia:chunk_gold":1},"minecraft:custom":{"minecraft:interact_with_crafting_table":54,"minecraft:time_since_death":53278,"minecraft:sprint_one_cm":29878,"minecraft:walk_one_cm":596086,"minecraft:drop":130,"minecraft:deaths":1,"minecraft:sneak_time":28141,"minecraft:walk_under_water_one_cm":3632,"minecraft:jump":1258,"minecraft:walk_on_water_one_cm":5657,"minecraft:interact_with_furnace":45,"minecraft:play_one_minute":196514,"minecraft:sleep_in_bed":2,"minecraft:time_since_rest":2502,"minecraft:damage_taken":865,"minecraft:damage_dealt":573,"minecraft:player_kills":1,"minecraft:swim_one_cm":771,"minecraft:fly_one_cm":50546,"minecraft:open_chest":253,"minecraft:crouch_one_cm":115326,"minecraft:fall_one_cm":20918},"minecraft:picked_up":{"minecraft:cocoa_beans":2,"minecraft:wheat":1,"exnihilosequentia:piece_uranium":34,"exnihilosequentia:mesh_flint":3,"waterstrainer:strainer_survivalist":1,"exnihilosequentia:piece_nickel":43,"exnihilosequentia:piece_silver":29,"alltheores:platinum_ingot":3,"exnihilosequentia:seed_carrot":1,"minecraft:string":4570,"exnihilosequentia:seed_birch":2,"exnihilosequentia:dust":1,"exnihilosequentia:pebble_diorite":9,"excompressum:compressed_hammer_stone":1,"exnihilosequentia:chunk_iron":1,"minecraft:cobblestone_slab":29,"minecraft:player_head":1,"minecraft:iron_pickaxe":1,"minecraft:furnace":1,"exnihilosequentia:piece_lead":42,"exnihilosequentia:hammer_stone":4,"exnihilosequentia:sieve":4,"minecraft:dark_oak_sapling":5,"minecraft:stick":121,"alltheores:copper_ingot":3,"jaopca:exnihilosequentia_pieces.azure_silver":34,"exnihilosequentia:seed_bamboo":1,"mana-and-artifice:vinteum_dust":1,"minecraft:torch":3,"exnihilosequentia:seed_potato":3,"exnihilosequentia:barrel_wood":2,"exnihilosequentia:crook_wood":7,"exnihilosequentia:piece_copper":30,"minecraft:beetroot_seeds":7,"mob_grinding_utils:ender_inhibitor_on":1,"minecraft:shears":1,"ars_nouveau:worn_notebook":1,"exnihilosequentia:crushed_netherrack":2,"exnihilosequentia:pebble_blackstone":10,"minecraft:cobblestone":810,"exnihilosequentia:ancient_spores":1,"exnihilosequentia:seed_acacia":2,"exnihilosequentia:seed_sugarcane":1,"exnihilosequentia:piece_gold":41,"exnihilosequentia:piece_aluminum":36,"minecraft:flint":428,"exnihilosequentia:piece_tin":40,"minecraft:oak_log":358,"xreliquary:pedestals/passive/red_passive_pedestal":1,"botania:pebble":1301,"minecraft:lapis_lazuli":29,"minecraft:dirt":232,"exnihilosequentia:seed_oak":1,"jaopca:exnihilosequentia_pieces.netherite_scrap":58,"minecraft:apple":39,"minecraft:wheat_seeds":14,"ftbquests:book":1,"exnihilosequentia:pebble_granite":12,"minecraft:iron_ingot":48,"exnihilosequentia:piece_platinum":44,"exnihilosequentia:grass_seeds":3,"storagedrawers:oak_full_drawers_1":2,"exnihilosequentia:mesh_string":2,"minecraft:oak_slab":4,"exnihilosequentia:seed_jungle":1,"exnihilosequentia:seed_darkoak":1,"exnihilosequentia:crook_granite":2,"exnihilosequentia:mesh_iron":1,"minecraft:gravel":962,"exnihilosequentia:pebble_andesite":7,"minecraft:sand":59,"minecraft:spruce_sapling":6,"minecraft:white_bed":2,"minecraft:spruce_log":7,"exnihilosequentia:silkworm":1284,"minecraft:dark_oak_log":114,"exnihilosequentia:piece_zinc":45,"exnihilosequentia:cooked_silkworm":32,"jaopca:exnihilosequentia_pieces.cobalt":38,"minecraft:pumpkin_seeds":4,"exnihilosequentia:pebble_basalt":15,"exnihilosequentia:seed_large_fern":1,"minecraft:stone_axe":2,"exnihilosequentia:pebble_stone":63,"minecraft:oak_sapling":160,"minecraft:melon_seeds":9,"exnihilosequentia:piece_iron":95,"jaopca:exnihilosequentia_pieces.crimson_iron":52,"minecraft:coal":112,"minecraft:oak_leaves":80},"minecraft:used":{"exnihilosequentia:pebble_diorite":1,"storagedrawers:oak_full_drawers_1":1,"exnihilosequentia:hammer_stone":516,"minecraft:chest":6,"exnihilosequentia:pebble_andesite":2,"minecraft:player_head":1,"minecraft:stone_hoe":18,"minecraft:torch":3,"minecraft:dirt":73,"exnihilosequentia:cooked_silkworm":29,"exnihilosequentia:crook_wood":859,"minecraft:oak_sapling":73,"minecraft:wheat_seeds":17,"minecraft:stone_pickaxe":111,"minecraft:oak_planks":2,"minecraft:wooden_pickaxe":36,"minecraft:cobblestone_slab":450,"minecraft:sand":1,"minecraft:oak_slab":9,"minecraft:crafting_table":1,"minecraft:white_bed":2,"exnihilosequentia:barrel_wood":3,"minecraft:shears":80,"ceramics:clay_bucket":10,"minecraft:apple":7,"mob_grinding_utils:ender_inhibitor_on":1,"minecraft:iron_pickaxe":2,"minecraft:string":19,"minecraft:gravel":75,"exnihilosequentia:sieve":11,"minecraft:stone_axe":465,"minecraft:cobblestone":1601,"minecraft:ice":2,"exnihilosequentia:silkworm":37,"exnihilosequentia:crook_stone":116,"exnihilosequentia:crook_granite":512},"minecraft:dropped":{"minecraft:iron_ingot":38,"excompressum:compressed_hammer_stone":1,"exnihilosequentia:sieve":1,"minecraft:lapis_lazuli":1,"minecraft:oak_log":86,"exnihilosequentia:piece_uranium":3,"minecraft:cobblestone":33,"minecraft:coal":9,"exnihilosequentia:barrel_wood":2,"minecraft:stick":15,"minecraft:flint":26,"minecraft:dirt":50,"storagedrawers:oak_full_drawers_1":1,"ars_nouveau:worn_notebook":1,"exnihilosequentia:piece_tin":4,"exnihilosequentia:pebble_stone":2,"exnihilosequentia:piece_platinum":2,"jaopca:exnihilosequentia_pieces.crimson_iron":2,"exnihilosequentia:piece_iron":6,"alltheores:platinum_ingot":3,"exnihilosequentia:piece_nickel":1,"minecraft:string":64,"exnihilosequentia:piece_silver":2,"jaopca:exnihilosequentia_pieces.cobalt":1,"exnihilosequentia:piece_zinc":1,"mana-and-artifice:vinteum_dust":1,"minecraft:gravel":292,"minecraft:stone_axe":2,"exnihilosequentia:mesh_iron":1,"botania:pebble":64,"alltheores:copper_ingot":3,"exnihilosequentia:silkworm":2,"minecraft:white_bed":1,"minecraft:cobblestone_slab":18,"exnihilosequentia:piece_gold":2,"minecraft:chest":1,"minecraft:wooden_pickaxe":1,"exnihilosequentia:piece_copper":3,"exnihilosequentia:mesh_string":1,"exnihilosequentia:piece_lead":1},"minecraft:broken":{"exnihilosequentia:crook_wood":7,"exnihilosequentia:hammer_stone":3,"minecraft:stone_axe":4,"exnihilosequentia:crook_granite":1},"minecraft:mined":{"minecraft:white_bed":2,"minecraft:oak_sapling":1,"minecraft:dark_oak_log":39,"minecraft:grass_block":11,"minecraft:furnace":1,"mob_grinding_utils:ender_inhibitor_on":1,"exnihilosequentia:sieve":3,"minecraft:cobblestone_slab":24,"minecraft:player_head":1,"minecraft:tripwire":14,"minecraft:oak_slab":3,"minecraft:torch":2,"exnihilosequentia:infesting_leaves":2,"minecraft:cobblestone":639,"minecraft:wheat":2,"storagedrawers:oak_full_drawers_1":1,"minecraft:ice":2,"minecraft:spruce_log":7,"exnihilosequentia:barrel_wood":1,"minecraft:oak_log":342,"minecraft:gravel":19,"minecraft:dirt":50,"exnihilosequentia:infested_leaves":1283,"minecraft:oak_leaves":490}},"DataVersion":2586}