{"stats":{"minecraft:used":{"minecraft:stone_pickaxe":33,"minecraft:stone_axe":16,"minecraft:white_bed":7},"minecraft:mined":{"minecraft:white_bed":8,"minecraft:ice":1,"minecraft:spruce_log":10,"minecraft:powder_snow":3,"minecraft:grass":3,"minecraft:grass_block":2,"minecraft:spruce_leaves":1,"minecraft:stonecutter":1,"minecraft:stone":26,"minecraft:sugar_cane":1,"minecraft:blue_bed":2},"minecraft:killed":{"minecraft:pig":2},"minecraft:crafted":{"minecraft:stone_axe":1},"minecraft:dropped":{"minecraft:wheat_seeds":1},"minecraft:picked_up":{"minecraft:stick":17,"minecraft:wooden_pickaxe":1,"minecraft:porkchop":4,"minecraft:spruce_sapling":5,"minecraft:white_bed":7,"minecraft:spruce_log":27,"minecraft:dirt":2,"minecraft:blue_bed":1,"minecraft:stonecutter":1,"minecraft:wheat_seeds":2,"minecraft:stone_pickaxe":1,"minecraft:sugar_cane":3,"minecraft:cobblestone":26},"minecraft:custom":{"minecraft:time_since_rest":342,"minecraft:sprint_one_cm":25838,"minecraft:damage_taken":20,"minecraft:walk_one_cm":37357,"minecraft:mob_kills":2,"minecraft:drop":1,"minecraft:damage_dealt":200,"minecraft:interact_with_crafting_table":1,"minecraft:fly_one_cm":42488,"minecraft:open_chest":1,"minecraft:crouch_one_cm":193,"minecraft:play_time":9020,"minecraft:sneak_time":107,"minecraft:walk_under_water_one_cm":113,"minecraft:jump":210,"minecraft:walk_on_water_one_cm":475,"minecraft:time_since_death":9020,"minecraft:sleep_in_bed":1,"minecraft:total_world_time":9020,"minecraft:fall_one_cm":2371}},"DataVersion":3465}