{"stats":{"minecraft:custom":{"minecraft:mob_kills":4,"minecraft:interact_with_crafting_table":69,"minecraft:leave_game":1,"minecraft:time_since_death":17939,"minecraft:walk_one_cm":868163,"minecraft:sprint_one_cm":69802,"minecraft:drop":171,"minecraft:deaths":4,"minecraft:sneak_time":38669,"minecraft:walk_under_water_one_cm":5010,"minecraft:jump":2157,"minecraft:walk_on_water_one_cm":9331,"minecraft:interact_with_furnace":55,"minecraft:play_one_minute":274314,"minecraft:sleep_in_bed":2,"minecraft:time_since_rest":17968,"tramplestopper:farmland_saved":2,"minecraft:damage_taken":1865,"minecraft:damage_dealt":2136,"minecraft:player_kills":2,"minecraft:swim_one_cm":771,"minecraft:fly_one_cm":150588,"minecraft:open_chest":370,"minecraft:crouch_one_cm":152158,"tombstone:undead_killed":2,"minecraft:fall_one_cm":37226},"minecraft:killed_by":{"minecraft:player":1,"minecraft:creeper":1},"minecraft:picked_up":{"minecraft:cocoa_beans":2,"minecraft:wheat":6,"exnihilosequentia:piece_uranium":65,"waterstrainer:strainer_survivalist":2,"minecraft:clay_ball":4,"exnihilosequentia:mesh_flint":4,"thermal:cinnabar":22,"exnihilosequentia:piece_nickel":77,"exnihilosequentia:piece_silver":53,"minecraft:potion":1,"alltheores:platinum_ingot":3,"minecraft:string":4571,"exnihilosequentia:seed_carrot":3,"exnihilosequentia:seed_birch":4,"minecraft:flint_and_steel":1,"exnihilosequentia:dust":1,"ars_nouveau:mana_gem":1,"thermal:sulfur":22,"exnihilosequentia:pebble_diorite":25,"cobblefordays:tier_1":1,"exnihilosequentia:seed_fern":3,"excompressum:compressed_hammer_stone":2,"thermal:niter":25,"exnihilosequentia:chunk_iron":1,"minecraft:cobblestone_slab":121,"minecraft:player_head":1,"minecraft:jungle_sapling":4,"minecraft:iron_nugget":1,"minecraft:iron_pickaxe":1,"minecraft:furnace":1,"exnihilosequentia:piece_lead":62,"minecraft:dark_oak_sapling":5,"exnihilosequentia:hammer_stone":7,"exnihilosequentia:sieve":9,"minecraft:stick":122,"alltheores:copper_ingot":3,"jaopca:exnihilosequentia_pieces.azure_silver":52,"exnihilosequentia:seed_bamboo":1,"mana-and-artifice:vinteum_dust":1,"minecraft:torch":8,"exnihilosequentia:seed_potato":4,"compressium:gravel_1":7,"exnihilosequentia:crucible_fired":4,"exnihilosequentia:barrel_wood":2,"exnihilosequentia:crook_wood":7,"thermal:apatite":22,"exnihilosequentia:piece_copper":44,"thermal:peanut_seeds":1,"minecraft:arrow":13,"minecraft:rotten_flesh":2,"minecraft:beetroot_seeds":19,"mob_grinding_utils:ender_inhibitor_on":1,"ars_nouveau:worn_notebook":1,"exnihilosequentia:crushed_netherrack":2,"minecraft:shears":1,"exnihilosequentia:pebble_blackstone":25,"minecraft:cobblestone":813,"exnihilosequentia:ancient_spores":2,"exnihilosequentia:seed_acacia":3,"mana-and-artifice:mark_of_the_undead":1,"iceandfire:sapphire_gem":3,"exnihilosequentia:seed_sugarcane":2,"exnihilosequentia:piece_gold":74,"exnihilosequentia:piece_aluminum":56,"minecraft:flint":520,"exnihilosequentia:piece_tin":62,"minecraft:oak_log":378,"xreliquary:pedestals/passive/red_passive_pedestal":1,"botania:pebble":2097,"minecraft:lapis_lazuli":43,"minecraft:dirt":244,"exnihilosequentia:seed_spruce":1,"exnihilosequentia:seed_oak":1,"jaopca:exnihilosequentia_pieces.netherite_scrap":81,"minecraft:bone":1,"minecraft:apple":39,"exnihilosequentia:crucible_unfired":1,"minecraft:wheat_seeds":55,"ftbquests:book":1,"exnihilosequentia:pebble_granite":27,"minecraft:iron_ingot":48,"exnihilosequentia:piece_platinum":66,"exnihilosequentia:grass_seeds":4,"storagedrawers:oak_full_drawers_1":2,"exnihilosequentia:mesh_string":3,"minecraft:oak_slab":6,"exnihilosequentia:seed_jungle":3,"exnihilosequentia:seed_darkoak":1,"silentgear:bort":1,"exnihilosequentia:crook_granite":2,"exnihilosequentia:mesh_iron":5,"minecraft:gravel":1071,"minecraft:lava_bucket":1,"exnihilosequentia:pebble_andesite":24,"minecraft:sand":69,"minecraft:spruce_sapling":6,"thermal:green_bean_seeds":1,"minecraft:white_bed":4,"minecraft:spruce_log":7,"minecraft:spider_eye":1,"exnihilosequentia:piece_zinc":77,"minecraft:dark_oak_log":114,"exnihilosequentia:silkworm":1284,"exnihilosequentia:cooked_silkworm":32,"quark:cobblestone_bricks":2,"jaopca:exnihilosequentia_pieces.cobalt":63,"minecraft:pumpkin_seeds":16,"exnihilosequentia:pebble_basalt":28,"exnihilosequentia:seed_large_fern":2,"minecraft:diamond":2,"immersiveengineering:seed":2,"minecraft:stone_axe":2,"waterstrainer:strainer_base":2,"exnihilosequentia:seed_cactus":1,"compressium:cobblestone_1":65,"minecraft:emerald":2,"mekanism:fluorite_gem":2,"minecraft:bone_meal":3,"exnihilosequentia:pebble_stone":152,"minecraft:oak_sapling":161,"minecraft:melon_seeds":23,"exnihilosequentia:piece_iron":138,"jaopca:exnihilosequentia_pieces.crimson_iron":77,"minecraft:coal":137,"minecraft:oak_leaves":80,"quark:biotite":2},"minecraft:killed":{"mana-and-artifice:witch_hunter":2,"mana-and-artifice:skeleton_assassin":1,"minecraft:zombie":2},"minecraft:used":{"exnihilosequentia:pebble_diorite":1,"storagedrawers:oak_full_drawers_1":1,"minecraft:stone_sword":22,"exnihilosequentia:hammer_stone":527,"minecraft:flint_and_steel":1,"minecraft:chest":10,"exnihilosequentia:pebble_andesite":2,"excompressum:compressed_hammer_stone":6,"minecraft:player_head":1,"minecraft:stone_hoe":18,"minecraft:torch":27,"minecraft:dirt":141,"exnihilosequentia:cooked_silkworm":29,"minecraft:lava_bucket":2,"cobblefordays:tier_1":1,"exnihilosequentia:crook_wood":859,"minecraft:oak_sapling":75,"tombstone:gift":2,"compressium:gravel_1":4,"waterstrainer:strainer_base":3,"minecraft:wheat_seeds":22,"minecraft:water_bucket":1,"quark:cobblestone_bricks":2,"minecraft:stone_pickaxe":139,"minecraft:oak_planks":2,"compressium:cobblestone_1":65,"minecraft:wooden_pickaxe":36,"minecraft:cobblestone_slab":781,"minecraft:sand":1,"minecraft:oak_slab":11,"minecraft:crafting_table":1,"minecraft:white_bed":4,"exnihilosequentia:barrel_wood":3,"minecraft:shears":80,"ceramics:cracked_clay_bucket":2,"ceramics:clay_bucket":25,"minecraft:apple":14,"mob_grinding_utils:ender_inhibitor_on":1,"minecraft:string":19,"minecraft:iron_pickaxe":39,"minecraft:gravel":76,"exnihilosequentia:crucible_fired":4,"exnihilosequentia:sieve":16,"minecraft:stone_axe":465,"minecraft:cobblestone":1629,"exnihilosequentia:crook_stone":116,"minecraft:bucket":4,"exnihilosequentia:crook_granite":512,"exnihilosequentia:silkworm":37,"minecraft:ice":2,"minecraft:bone_meal":1},"minecraft:crafted":{"minecraft:brick":2,"minecraft:oak_planks":24,"minecraft:flint_and_steel":1,"minecraft:glass":1,"minecraft:chest":3,"minecraft:netherite_scrap":3,"alltheores:platinum_ingot":1,"exnihilosequentia:barrel_wood":1,"exnihilosequentia:sieve":6,"minecraft:oak_slab":18,"storagedrawers:oak_full_drawers_1":1,"minecraft:air":1829,"cobblefordays:tier_1":1,"exnihilosequentia:mesh_string":1,"alltheores:copper_ingot":1,"minecraft:charcoal":8,"minecraft:stick":8,"minecraft:flint":9,"minecraft:iron_ingot":4,"minecraft:stone_sword":1,"exnihilosequentia:chunk_gold":1},"minecraft:mined":{"minecraft:white_bed":4,"minecraft:oak_sapling":1,"minecraft:farmland":1,"minecraft:dark_oak_log":39,"minecraft:grass_block":16,"minecraft:furnace":1,"mob_grinding_utils:ender_inhibitor_on":1,"compressium:gravel_1":4,"minecraft:fire":1,"exnihilosequentia:sieve":8,"minecraft:cobblestone_slab":72,"exnihilosequentia:crucible_fired":3,"minecraft:player_head":1,"minecraft:tripwire":14,"minecraft:oak_slab":5,"minecraft:torch":4,"quark:cobblestone_bricks":2,"exnihilosequentia:infesting_leaves":2,"minecraft:cobblestone":642,"compressium:cobblestone_1":9,"storagedrawers:oak_full_drawers_1":1,"minecraft:wheat":10,"minecraft:ice":2,"minecraft:spruce_log":7,"minecraft:grass":12,"exnihilosequentia:barrel_wood":1,"minecraft:oak_log":362,"minecraft:gravel":20,"minecraft:dirt":56,"waterstrainer:strainer_base":4,"minecraft:oak_leaves":490,"exnihilosequentia:infested_leaves":1283},"minecraft:dropped":{"minecraft:iron_ingot":38,"excompressum:compressed_hammer_stone":1,"exnihilosequentia:sieve":1,"minecraft:wheat_seeds":22,"minecraft:lapis_lazuli":1,"minecraft:oak_log":86,"exnihilosequentia:piece_uranium":3,"exnihilosequentia:pebble_basalt":13,"minecraft:cobblestone":33,"compressium:gravel_1":8,"cobblefordays:tier_1":1,"minecraft:coal":9,"exnihilosequentia:barrel_wood":2,"exnihilosequentia:seed_sugarcane":1,"minecraft:flint":26,"minecraft:stick":15,"minecraft:lava_bucket":1,"exnihilosequentia:ancient_spores":1,"storagedrawers:oak_full_drawers_1":1,"minecraft:dirt":55,"ars_nouveau:worn_notebook":1,"exnihilosequentia:piece_tin":4,"exnihilosequentia:pebble_stone":89,"exnihilosequentia:piece_platinum":2,"jaopca:exnihilosequentia_pieces.crimson_iron":2,"exnihilosequentia:piece_iron":6,"exnihilosequentia:seed_spruce":1,"tombstone:grave_dust":1,"exnihilosequentia:seed_potato":1,"minecraft:bone_meal":3,"thermal:peanut_seeds":1,"alltheores:platinum_ingot":3,"minecraft:string":64,"exnihilosequentia:piece_nickel":1,"exnihilosequentia:seed_acacia":1,"exnihilosequentia:piece_silver":2,"exnihilosequentia:seed_large_fern":1,"thermal:green_bean_seeds":1,"exnihilosequentia:piece_zinc":1,"jaopca:exnihilosequentia_pieces.cobalt":1,"mana-and-artifice:vinteum_dust":1,"minecraft:gravel":292,"exnihilosequentia:hammer_stone":1,"minecraft:stone_axe":2,"minecraft:iron_nugget":1,"exnihilosequentia:mesh_iron":1,"botania:pebble":64,"exnihilosequentia:seed_jungle":2,"exnihilosequentia:pebble_diorite":16,"alltheores:copper_ingot":3,"exnihilosequentia:silkworm":2,"minecraft:white_bed":1,"exnihilosequentia:pebble_granite":15,"minecraft:pumpkin_seeds":12,"exnihilosequentia:pebble_blackstone":15,"minecraft:flint_and_steel":1,"exnihilosequentia:seed_carrot":2,"exnihilosequentia:crucible_unfired":1,"minecraft:cobblestone_slab":18,"exnihilosequentia:grass_seeds":1,"minecraft:oak_sapling":1,"exnihilosequentia:piece_gold":2,"minecraft:beetroot_seeds":12,"minecraft:melon_seeds":13,"minecraft:chest":1,"minecraft:spider_eye":1,"minecraft:wooden_pickaxe":1,"exnihilosequentia:piece_copper":3,"exnihilosequentia:seed_cactus":1,"exnihilosequentia:seed_fern":3,"mana-and-artifice:mark_of_the_undead":1,"exnihilosequentia:seed_birch":2,"exnihilosequentia:mesh_string":1,"exnihilosequentia:piece_lead":1,"minecraft:brick":2},"minecraft:broken":{"exnihilosequentia:crook_wood":7,"exnihilosequentia:hammer_stone":3,"minecraft:stone_axe":4,"exnihilosequentia:crook_granite":1}},"DataVersion":2586}