{"stats":{"minecraft:crafted":{"minecraft:oak_planks":24,"minecraft:chest":3,"minecraft:netherite_scrap":3,"exnihilosequentia:barrel_wood":1,"exnihilosequentia:sieve":6,"minecraft:oak_slab":18,"storagedrawers:oak_full_drawers_1":1,"minecraft:air":1123,"minecraft:charcoal":8,"minecraft:stick":8,"minecraft:iron_ingot":4,"exnihilosequentia:chunk_gold":1},"minecraft:custom":{"minecraft:interact_with_crafting_table":50,"minecraft:time_since_death":5278,"minecraft:sprint_one_cm":15058,"minecraft:walk_one_cm":423487,"minecraft:drop":114,"minecraft:deaths":1,"minecraft:sneak_time":26897,"minecraft:walk_under_water_one_cm":3632,"minecraft:jump":865,"minecraft:walk_on_water_one_cm":5034,"minecraft:interact_with_furnace":24,"minecraft:play_one_minute":148514,"minecraft:sleep_in_bed":1,"minecraft:time_since_rest":5303,"minecraft:damage_taken":783,"minecraft:damage_dealt":165,"minecraft:swim_one_cm":771,"minecraft:fly_one_cm":23214,"minecraft:open_chest":189,"minecraft:crouch_one_cm":111787,"minecraft:fall_one_cm":13215},"minecraft:picked_up":{"minecraft:cocoa_beans":2,"exnihilosequentia:piece_uranium":29,"exnihilosequentia:mesh_flint":3,"waterstrainer:strainer_survivalist":1,"exnihilosequentia:piece_nickel":26,"exnihilosequentia:piece_silver":19,"exnihilosequentia:seed_carrot":1,"minecraft:string":3445,"exnihilosequentia:seed_birch":2,"exnihilosequentia:dust":1,"exnihilosequentia:pebble_diorite":9,"excompressum:compressed_hammer_stone":1,"exnihilosequentia:chunk_iron":1,"minecraft:cobblestone_slab":25,"minecraft:player_head":1,"minecraft:iron_pickaxe":1,"minecraft:furnace":1,"exnihilosequentia:piece_lead":16,"exnihilosequentia:hammer_stone":2,"exnihilosequentia:sieve":4,"minecraft:dark_oak_sapling":5,"minecraft:stick":75,"jaopca:exnihilosequentia_pieces.azure_silver":19,"exnihilosequentia:seed_bamboo":1,"mana-and-artifice:vinteum_dust":1,"minecraft:torch":1,"exnihilosequentia:seed_potato":3,"exnihilosequentia:barrel_wood":1,"exnihilosequentia:crook_wood":6,"exnihilosequentia:piece_copper":18,"minecraft:beetroot_seeds":7,"mob_grinding_utils:ender_inhibitor_on":1,"ars_nouveau:worn_notebook":1,"exnihilosequentia:crushed_netherrack":2,"exnihilosequentia:pebble_blackstone":10,"minecraft:cobblestone":808,"exnihilosequentia:ancient_spores":1,"exnihilosequentia:seed_acacia":2,"exnihilosequentia:seed_sugarcane":1,"exnihilosequentia:piece_gold":33,"exnihilosequentia:piece_aluminum":28,"minecraft:flint":292,"exnihilosequentia:piece_tin":20,"minecraft:oak_log":241,"xreliquary:pedestals/passive/red_passive_pedestal":1,"botania:pebble":1226,"minecraft:lapis_lazuli":20,"minecraft:dirt":137,"exnihilosequentia:seed_oak":1,"jaopca:exnihilosequentia_pieces.netherite_scrap":40,"minecraft:apple":12,"minecraft:wheat_seeds":13,"ftbquests:book":1,"exnihilosequentia:pebble_granite":12,"minecraft:iron_ingot":2,"exnihilosequentia:piece_platinum":29,"exnihilosequentia:grass_seeds":3,"storagedrawers:oak_full_drawers_1":2,"exnihilosequentia:mesh_string":2,"minecraft:oak_slab":4,"exnihilosequentia:seed_jungle":1,"exnihilosequentia:seed_darkoak":1,"exnihilosequentia:crook_granite":1,"minecraft:gravel":644,"exnihilosequentia:pebble_andesite":7,"minecraft:sand":59,"minecraft:spruce_sapling":6,"minecraft:white_bed":2,"minecraft:spruce_log":7,"exnihilosequentia:silkworm":988,"minecraft:dark_oak_log":114,"exnihilosequentia:piece_zinc":38,"exnihilosequentia:cooked_silkworm":32,"jaopca:exnihilosequentia_pieces.cobalt":19,"minecraft:pumpkin_seeds":4,"exnihilosequentia:pebble_basalt":15,"exnihilosequentia:seed_large_fern":1,"minecraft:stone_axe":2,"exnihilosequentia:pebble_stone":63,"minecraft:oak_sapling":97,"minecraft:melon_seeds":9,"exnihilosequentia:piece_iron":62,"jaopca:exnihilosequentia_pieces.crimson_iron":36,"minecraft:coal":73},"minecraft:used":{"exnihilosequentia:pebble_diorite":1,"storagedrawers:oak_full_drawers_1":1,"exnihilosequentia:hammer_stone":198,"minecraft:chest":6,"exnihilosequentia:pebble_andesite":2,"minecraft:player_head":1,"minecraft:stone_hoe":2,"minecraft:torch":3,"minecraft:dirt":66,"exnihilosequentia:cooked_silkworm":21,"exnihilosequentia:crook_wood":569,"minecraft:oak_sapling":52,"minecraft:wheat_seeds":1,"minecraft:stone_pickaxe":104,"minecraft:oak_planks":2,"minecraft:wooden_pickaxe":36,"minecraft:cobblestone_slab":450,"minecraft:sand":1,"minecraft:oak_slab":9,"minecraft:crafting_table":1,"minecraft:white_bed":2,"exnihilosequentia:barrel_wood":2,"ceramics:clay_bucket":8,"minecraft:apple":2,"mob_grinding_utils:ender_inhibitor_on":1,"minecraft:iron_pickaxe":2,"minecraft:string":9,"minecraft:gravel":74,"exnihilosequentia:sieve":11,"minecraft:stone_axe":281,"minecraft:cobblestone":1288,"minecraft:ice":1,"exnihilosequentia:silkworm":20,"exnihilosequentia:crook_granite":512},"minecraft:dropped":{"minecraft:iron_ingot":6,"excompressum:compressed_hammer_stone":1,"exnihilosequentia:sieve":1,"minecraft:lapis_lazuli":1,"minecraft:oak_log":22,"exnihilosequentia:piece_uranium":3,"minecraft:cobblestone":33,"minecraft:coal":9,"exnihilosequentia:barrel_wood":2,"minecraft:stick":15,"minecraft:flint":26,"storagedrawers:oak_full_drawers_1":1,"ars_nouveau:worn_notebook":1,"exnihilosequentia:piece_tin":4,"exnihilosequentia:piece_platinum":2,"jaopca:exnihilosequentia_pieces.crimson_iron":2,"exnihilosequentia:piece_iron":6,"exnihilosequentia:piece_nickel":1,"minecraft:string":64,"exnihilosequentia:piece_silver":2,"jaopca:exnihilosequentia_pieces.cobalt":1,"exnihilosequentia:piece_zinc":1,"mana-and-artifice:vinteum_dust":1,"minecraft:gravel":64,"minecraft:stone_axe":2,"botania:pebble":64,"exnihilosequentia:silkworm":2,"minecraft:white_bed":1,"minecraft:cobblestone_slab":18,"exnihilosequentia:piece_gold":2,"minecraft:wooden_pickaxe":1,"exnihilosequentia:piece_copper":3,"exnihilosequentia:mesh_string":1,"exnihilosequentia:piece_lead":1},"minecraft:broken":{"exnihilosequentia:crook_wood":4,"minecraft:stone_axe":2,"exnihilosequentia:crook_granite":1},"minecraft:mined":{"minecraft:white_bed":2,"minecraft:oak_sapling":1,"minecraft:dark_oak_log":39,"minecraft:grass_block":11,"minecraft:furnace":1,"mob_grinding_utils:ender_inhibitor_on":1,"exnihilosequentia:sieve":3,"minecraft:cobblestone_slab":19,"minecraft:player_head":1,"minecraft:tripwire":9,"minecraft:oak_slab":3,"minecraft:torch":1,"exnihilosequentia:infesting_leaves":2,"minecraft:cobblestone":319,"minecraft:wheat":1,"storagedrawers:oak_full_drawers_1":1,"minecraft:ice":1,"minecraft:spruce_log":7,"minecraft:oak_log":225,"minecraft:gravel":19,"minecraft:dirt":49,"exnihilosequentia:infested_leaves":948,"minecraft:oak_leaves":214}},"DataVersion":2586}