{
  "ceramics:recipes/ceramics/cracked_clay_bucket_smelting": {
    "criteria": {
      "has_item": "2024-10-08 21:44:22 +0000"
    },
    "done": true
  },
  "mcwwindows:recipes/mosaic_pane/orange_mosaic_glass_pane": {
    "criteria": {
      "has_mosaic_glass": "2024-10-08 21:44:22 +0000"
    },
    "done": true
  },
  "sophisticatedbackpacks:recipes/sophisticatedbackpacks/blasting_upgrade": {
    "criteria": {
      "has_upgrade_base": "2024-10-08 21:44:22 +0000"
    },
    "done": true
  },
  "minecraft:recipes/transportation/dark_oak_boat": {
    "criteria": {
      "in_water": "2024-10-08 21:44:22 +0000"
    },
    "done": true
  },
  "sophisticatedbackpacks:recipes/sophisticatedbackpacks/auto_smoking_upgrade": {
    "criteria": {
      "has_smoking_upgrade": "2024-10-08 21:44:22 +0000"
    },
    "done": true
  },
  "tombstone:adventure/root": {
    "criteria": {
      "auto": "2024-10-08 21:44:22 +0000"
    },
    "done": true
  },
  "sophisticatedbackpacks:recipes/sophisticatedbackpacks/auto_smoking_upgrade_from_auto_smelting_upgrade": {
    "criteria": {
      "has_auto_smelting_upgrade": "2024-10-08 21:44:22 +0000"
    },
    "done": true
  },
  "mcwwindows:recipes/mosaic_pane/magenta_mosaic_glass_pane": {
    "criteria": {
      "has_mosaic_glass": "2024-10-08 21:44:22 +0000"
    },
    "done": true
  },
  "minecraft:recipes/building_blocks/packed_ice_from_freezing": {
    "criteria": {
      "has_ice": "2024-10-08 21:44:22 +0000"
    },
    "done": true
  },
  "mcwwindows:recipes/mosaic_pane/light_gray_mosaic_glass_pane": {
    "criteria": {
      "has_mosaic_glass": "2024-10-08 21:44:22 +0000"
    },
    "done": true
  },
  "mcwwindows:recipes/mosaic_pane/pink_mosaic_glass_pane": {
    "criteria": {
      "has_mosaic_glass": "2024-10-08 21:44:22 +0000"
    },
    "done": true
  },
  "mcwwindows:recipes/mosaic_pane/purple_mosaic_glass_pane": {
    "criteria": {
      "has_mosaic_glass": "2024-10-08 21:44:22 +0000"
    },
    "done": true
  },
  "mcwwindows:recipes/mosaic_pane/light_blue_mosaic_glass_pane": {
    "criteria": {
      "has_mosaic_glass": "2024-10-08 21:44:22 +0000"
    },
    "done": true
  },
  "astralsorcery:root": {
    "criteria": {
      "astralsorcery_present": "2024-10-08 21:44:22 +0000"
    },
    "done": true
  },
  "mcwwindows:recipes/mosaic_pane/lime_mosaic_glass_pane": {
    "criteria": {
      "has_mosaic_glass": "2024-10-08 21:44:22 +0000"
    },
    "done": true
  },
  "mcwwindows:recipes/mosaic_pane/cyan_mosaic_glass_pane": {
    "criteria": {
      "has_mosaic_glass": "2024-10-08 21:44:22 +0000"
    },
    "done": true
  },
  "sophisticatedbackpacks:recipes/sophisticatedbackpacks/auto_blasting_upgrade": {
    "criteria": {
      "has_blasting_upgrade": "2024-10-08 21:44:22 +0000"
    },
    "done": true
  },
  "sophisticatedbackpacks:recipes/sophisticatedbackpacks/blasting_upgrade_from_smelting_upgrade": {
    "criteria": {
      "has_smelting_upgrade": "2024-10-08 21:44:22 +0000"
    },
    "done": true
  },
  "mcwwindows:recipes/mosaic_pane/red_mosaic_glass_pane": {
    "criteria": {
      "has_mosaic_glass": "2024-10-08 21:44:22 +0000"
    },
    "done": true
  },
  "mcwwindows:recipes/mosaic_pane/white_mosaic_glass_pane": {
    "criteria": {
      "has_mosaic_glass": "2024-10-08 21:44:22 +0000"
    },
    "done": true
  },
  "mcwwindows:recipes/mosaic_pane/gray_mosaic_glass_pane": {
    "criteria": {
      "has_mosaic_glass": "2024-10-08 21:44:22 +0000"
    },
    "done": true
  },
  "minecraft:adventure/adventuring_time": {
    "criteria": {
      "minecraft:jungle_hills": "2024-10-08 21:44:22 +0000"
    },
    "done": false
  },
  "sophisticatedbackpacks:recipes/sophisticatedbackpacks/smoking_upgrade_from_smelting_upgrade": {
    "criteria": {
      "has_smelting_upgrade": "2024-10-08 21:44:22 +0000"
    },
    "done": true
  },
  "create:root": {
    "criteria": {
      "0": "2024-10-08 21:44:22 +0000"
    },
    "done": true
  },
  "iceandfire:iceandfire/root": {
    "criteria": {
      "tick": "2024-10-08 21:44:22 +0000"
    },
    "done": true
  },
  "resourcefulbees:resourcefulbees/root": {
    "criteria": {
      "inventory_changed": "2024-10-08 21:44:22 +0000"
    },
    "done": true
  },
  "mcwwindows:recipes/mosaic_pane/yellow_mosaic_glass_pane": {
    "criteria": {
      "has_mosaic_glass": "2024-10-08 21:44:22 +0000"
    },
    "done": true
  },
  "minecraft:recipes/transportation/birch_boat": {
    "criteria": {
      "in_water": "2024-10-08 21:44:22 +0000"
    },
    "done": true
  },
  "mcwwindows:recipes/mosaic_pane/brown_mosaic_glass_pane": {
    "criteria": {
      "has_mosaic_glass": "2024-10-08 21:44:22 +0000"
    },
    "done": true
  },
  "apotheosis:give_book": {
    "criteria": {
      "tick": "2024-10-08 21:44:22 +0000"
    },
    "done": true
  },
  "minecraft:recipes/transportation/acacia_boat": {
    "criteria": {
      "in_water": "2024-10-08 21:44:22 +0000"
    },
    "done": true
  },
  "mcwwindows:recipes/mosaic_pane/blue_mosaic_glass_pane": {
    "criteria": {
      "has_mosaic_glass": "2024-10-08 21:44:22 +0000"
    },
    "done": true
  },
  "minecraft:recipes/transportation/oak_boat": {
    "criteria": {
      "in_water": "2024-10-08 21:44:22 +0000"
    },
    "done": true
  },
  "mcwwindows:recipes/mosaic_pane/black_mosaic_glass_pane": {
    "criteria": {
      "has_mosaic_glass": "2024-10-08 21:44:22 +0000"
    },
    "done": true
  },
  "sophisticatedbackpacks:recipes/sophisticatedbackpacks/smoking_upgrade": {
    "criteria": {
      "has_upgrade_base": "2024-10-08 21:44:22 +0000"
    },
    "done": true
  },
  "mcwwindows:recipes/mosaic_pane/green_mosaic_glass_pane": {
    "criteria": {
      "has_mosaic_glass": "2024-10-08 21:44:22 +0000"
    },
    "done": true
  },
  "sophisticatedbackpacks:recipes/sophisticatedbackpacks/auto_blasting_upgrade_from_auto_smelting_upgrade": {
    "criteria": {
      "has_auto_smelting_upgrade": "2024-10-08 21:44:22 +0000"
    },
    "done": true
  },
  "ceramics:recipes/ceramics/cracked_clay_bucket_kiln": {
    "criteria": {
      "has_item": "2024-10-08 21:44:22 +0000"
    },
    "done": true
  },
  "minecraft:recipes/transportation/jungle_boat": {
    "criteria": {
      "in_water": "2024-10-08 21:44:22 +0000"
    },
    "done": true
  },
  "minecraft:recipes/building_blocks/packed_ice": {
    "criteria": {
      "has_ice": "2024-10-08 21:44:22 +0000"
    },
    "done": true
  },
  "minecraft:recipes/transportation/spruce_boat": {
    "criteria": {
      "in_water": "2024-10-08 21:44:22 +0000"
    },
    "done": true
  },
  "DataVersion": 2586
}