{
  "exnihilosequentia:recipes/exnihilosequentia/ens_end_cake": {
    "criteria": {
      "has_ender_pearl": "2024-10-08 21:46:37 +0000"
    },
    "done": true
  },
  "minecraft:recipes/redstone/lever": {
    "criteria": {
      "has_cobblestone": "2024-10-08 21:50:33 +0000"
    },
    "done": true
  },
  "minecraft:recipes/building_blocks/cobblestone_stairs_from_cobblestone_stonecutting": {
    "criteria": {
      "has_cobblestone": "2024-10-08 21:50:33 +0000"
    },
    "done": true
  },
  "mcwdoors:recipes/oak/oak_four_panel_door": {
    "criteria": {
      "has_planks": "2024-10-08 21:52:16 +0000"
    },
    "done": true
  },
  "woot:recipes/woot/si_dust_1": {
    "criteria": {
      "cobblestone": "2024-10-08 21:50:33 +0000"
    },
    "done": true
  },
  "woot:recipes/woot/si_dust_2": {
    "criteria": {
      "cobblestone": "2024-10-08 21:50:33 +0000"
    },
    "done": true
  },
  "rftoolsutility:recipes/rftoolsutility/charged_porter": {
    "criteria": {
      "pearl": "2024-10-08 21:46:37 +0000"
    },
    "done": true
  },
  "woot:recipes/woot/mobshard2": {
    "criteria": {
      "cobblestone": "2024-10-08 21:50:33 +0000"
    },
    "done": true
  },
  "woot:recipes/woot/mobshard": {
    "criteria": {
      "cobblestone": "2024-10-08 21:50:33 +0000"
    },
    "done": true
  },
  "woot:recipes/woot/xpshard": {
    "criteria": {
      "cobblestone": "2024-10-08 21:50:33 +0000"
    },
    "done": true
  },
  "astralsorcery:root": {
    "criteria": {
      "astralsorcery_present": "2024-10-08 21:44:22 +0000"
    },
    "done": true
  },
  "woot:recipes/woot/headless_3": {
    "criteria": {
      "cobblestone": "2024-10-08 21:50:33 +0000"
    },
    "done": true
  },
  "woot:recipes/woot/brown_dyecasing": {
    "criteria": {
      "cobblestone": "2024-10-08 21:50:33 +0000"
    },
    "done": true
  },
  "woot:recipes/woot/headless_2": {
    "criteria": {
      "cobblestone": "2024-10-08 21:50:33 +0000"
    },
    "done": true
  },
  "woot:recipes/woot/headless_1": {
    "criteria": {
      "cobblestone": "2024-10-08 21:50:33 +0000"
    },
    "done": true
  },
  "cfm:recipes/cfm/stone_desk_cabinet": {
    "criteria": {
      "has_planks": "2024-10-08 21:50:33 +0000"
    },
    "done": true
  },
  "mcwwindows:recipes/mosaic_pane/gray_mosaic_glass_pane": {
    "criteria": {
      "has_mosaic_glass": "2024-10-08 21:44:22 +0000"
    },
    "done": true
  },
  "woot:recipes/woot/hammer": {
    "criteria": {
      "cobblestone": "2024-10-08 21:50:33 +0000"
    },
    "done": true
  },
  "minecraft:recipes/decorations/crafting_table": {
    "criteria": {
      "has_planks": "2024-10-08 21:52:16 +0000"
    },
    "done": true
  },
  "minecraft:recipes/decorations/campfire": {
    "criteria": {
      "has_stick": "2024-10-08 21:52:16 +0000"
    },
    "done": true
  },
  "dimstorage:recipes/dimstorage_tab/dim_wall": {
    "criteria": {
      "ender_pearl": "2024-10-08 21:46:37 +0000"
    },
    "done": true
  },
  "woot:recipes/woot/intern": {
    "criteria": {
      "cobblestone": "2024-10-08 21:50:33 +0000"
    },
    "done": true
  },
  "woot:recipes/woot/oracle": {
    "criteria": {
      "cobblestone": "2024-10-08 21:50:33 +0000"
    },
    "done": true
  },
  "mcwwindows:recipes/planks/oak_plank_window": {
    "criteria": {
      "has_planks": "2024-10-08 21:52:16 +0000"
    },
    "done": true
  },
  "minecraft:recipes/decorations/ladder": {
    "criteria": {
      "has_stick": "2024-10-08 21:52:16 +0000"
    },
    "done": true
  },
  "iceandfire:iceandfire/root": {
    "criteria": {
      "tick": "2024-10-08 21:44:22 +0000"
    },
    "done": true
  },
  "cfm:recipes/cfm/stone_coffee_table": {
    "criteria": {
      "has_planks": "2024-10-08 21:50:33 +0000"
    },
    "done": true
  },
  "minecraft:recipes/decorations/chest": {
    "criteria": {
      "has_lots_of_items": "2024-10-08 21:46:54 +0000"
    },
    "done": true
  },
  "mcwroofs:recipes/oak": {
    "criteria": {
      "has_planks": "2024-10-08 21:48:46 +0000"
    },
    "done": true
  },
  "minecraft:recipes/tools/wooden_shovel": {
    "criteria": {
      "has_stick": "2024-10-08 21:52:16 +0000"
    },
    "done": true
  },
  "apotheosis:give_book": {
    "criteria": {
      "tick": "2024-10-08 21:44:22 +0000"
    },
    "done": true
  },
  "immersiveengineering:recipes/decorations/crafting/torch": {
    "criteria": {
      "has_stick": "2024-10-08 21:52:16 +0000"
    },
    "done": true
  },
  "minecraft:recipes/decorations/torch": {
    "criteria": {
      "has_stone_pickaxe": "2024-10-08 21:51:55 +0000"
    },
    "done": true
  },
  "silentgear:recipes/silentgear/stone_rod": {
    "criteria": {
      "has_item": "2024-10-08 21:50:33 +0000"
    },
    "done": true
  },
  "cfm:recipes/cfm/stripped_oak_chair": {
    "criteria": {
      "has_planks": "2024-10-08 21:48:46 +0000"
    },
    "done": true
  },
  "mcwtrpdoors:recipes/oak/oak_barn_trapdoor": {
    "criteria": {
      "has_planks": "2024-10-08 21:48:46 +0000"
    },
    "done": true
  },
  "cfm:recipes/cfm/oak_crate": {
    "criteria": {
      "has_log": "2024-10-08 21:48:46 +0000"
    },
    "done": true
  },
  "minecraft:recipes/misc/stick": {
    "criteria": {
      "has_planks": "2024-10-08 21:52:16 +0000"
    },
    "done": true
  },
  "tombstone:adventure/cancel_ghostly_shape": {
    "criteria": {
      "coded_trigger": "2024-10-08 21:51:19 +0000"
    },
    "done": true
  },
  "minecraft:recipes/building_blocks/packed_ice": {
    "criteria": {
      "has_ice": "2024-10-08 21:44:22 +0000"
    },
    "done": true
  },
  "minecraft:recipes/transportation/spruce_boat": {
    "criteria": {
      "in_water": "2024-10-08 21:44:22 +0000"
    },
    "done": true
  },
  "mcwdoors:recipes/oak/oak_glass_door": {
    "criteria": {
      "has_planks": "2024-10-08 21:52:16 +0000"
    },
    "done": true
  },
  "cfm:recipes/cfm/stripped_oak_table": {
    "criteria": {
      "has_planks": "2024-10-08 21:48:46 +0000"
    },
    "done": true
  },
  "create:recipes/create.palettes/oak_window": {
    "criteria": {
      "has_ingredient": "2024-10-08 21:52:16 +0000"
    },
    "done": true
  },
  "mcwdoors:recipes/oak/oak_stable_head_door": {
    "criteria": {
      "has_planks": "2024-10-08 21:52:16 +0000"
    },
    "done": true
  },
  "ceramics:recipes/building_blocks/stone_slab_smelting": {
    "criteria": {
      "has_item": "2024-10-08 21:54:51 +0000"
    },
    "done": true
  },
  "silentgear:recipes/silentgear/upgrade_base": {
    "criteria": {
      "has_item": "2024-10-08 21:52:16 +0000"
    },
    "done": true
  },
  "cfm:recipes/cfm/oak_kitchen_counter": {
    "criteria": {
      "has_log": "2024-10-08 21:48:46 +0000"
    },
    "done": true
  },
  "mcwwindows:recipes/mosaic_pane/purple_mosaic_glass_pane": {
    "criteria": {
      "has_mosaic_glass": "2024-10-08 21:44:22 +0000"
    },
    "done": true
  },
  "mcwroofs:recipes/oak_planks": {
    "criteria": {
      "has_planks": "2024-10-08 21:52:16 +0000"
    },
    "done": true
  },
  "woot:recipes/woot/lime_dyecasing": {
    "criteria": {
      "cobblestone": "2024-10-08 21:50:33 +0000"
    },
    "done": true
  },
  "cfm:recipes/cfm/stripped_oak_kitchen_drawer": {
    "criteria": {
      "has_log": "2024-10-08 21:48:46 +0000"
    },
    "done": true
  },
  "woot:recipes/woot/red_dyecasing": {
    "criteria": {
      "cobblestone": "2024-10-08 21:50:33 +0000"
    },
    "done": true
  },
  "mcwfences:recipes/oak": {
    "criteria": {
      "has_oak": "2024-10-08 21:48:46 +0000"
    },
    "done": true
  },
  "mcwdoors:recipes/oak/oak_mystic_door": {
    "criteria": {
      "has_planks": "2024-10-08 21:52:16 +0000"
    },
    "done": true
  },
  "forbidden_arcanus:recipes/forbidden_arcanus/stone_blacksmith_gavel": {
    "criteria": {
      "has_item": "2024-10-08 21:50:33 +0000"
    },
    "done": true
  },
  "minecraft:recipes/tools/wooden_hoe": {
    "criteria": {
      "has_stick": "2024-10-08 21:52:16 +0000"
    },
    "done": true
  },
  "cfm:recipes/cfm/oak_blinds": {
    "criteria": {
      "has_log": "2024-10-08 21:48:46 +0000"
    },
    "done": true
  },
  "minecraft:recipes/building_blocks/cobblestone_slab": {
    "criteria": {
      "has_cobblestone": "2024-10-08 21:50:33 +0000"
    },
    "done": true
  },
  "cfm:recipes/cfm/stone_desk": {
    "criteria": {
      "has_planks": "2024-10-08 21:50:33 +0000"
    },
    "done": true
  },
  "woot:recipes/woot/blue_dyecasing": {
    "criteria": {
      "cobblestone": "2024-10-08 21:50:33 +0000"
    },
    "done": true
  },
  "cfm:recipes/cfm/oak_bedside_cabinet": {
    "criteria": {
      "has_log": "2024-10-08 21:48:46 +0000"
    },
    "done": true
  },
  "minecraft:recipes/building_blocks/cobblestone_stairs": {
    "criteria": {
      "has_cobblestone": "2024-10-08 21:50:33 +0000"
    },
    "done": true
  },
  "cfm:recipes/cfm/oak_kitchen_sink_dark": {
    "criteria": {
      "has_bottom": "2024-10-08 21:52:16 +0000"
    },
    "done": true
  },
  "woot:recipes/woot/efficiency_3": {
    "criteria": {
      "cobblestone": "2024-10-08 21:50:33 +0000"
    },
    "done": true
  },
  "botania:recipes/botania/pestle_and_mortar": {
    "criteria": {
      "has_item": "2024-10-08 21:52:16 +0000"
    },
    "done": true
  },
  "woot:recipes/woot/magenta_dyecasing": {
    "criteria": {
      "cobblestone": "2024-10-08 21:50:33 +0000"
    },
    "done": true
  },
  "woot:recipes/woot/pink_dyecasing": {
    "criteria": {
      "cobblestone": "2024-10-08 21:50:33 +0000"
    },
    "done": true
  },
  "mcwwindows:recipes/mosaic_pane/brown_mosaic_glass_pane": {
    "criteria": {
      "has_mosaic_glass": "2024-10-08 21:44:22 +0000"
    },
    "done": true
  },
  "woot:recipes/woot/si_plate": {
    "criteria": {
      "cobblestone": "2024-10-08 21:50:33 +0000"
    },
    "done": true
  },
  "constructionwand:recipes/tools/stone_wand": {
    "criteria": {
      "has_item": "2024-10-08 21:50:33 +0000"
    },
    "done": true
  },
  "woot:recipes/woot/efficiency_2": {
    "criteria": {
      "cobblestone": "2024-10-08 21:50:33 +0000"
    },
    "done": true
  },
  "woot:recipes/woot/efficiency_1": {
    "criteria": {
      "cobblestone": "2024-10-08 21:50:33 +0000"
    },
    "done": true
  },
  "ceramics:recipes/ceramics/cracked_clay_bucket_kiln": {
    "criteria": {
      "has_item": "2024-10-08 21:44:22 +0000"
    },
    "done": true
  },
  "exnihilosequentia:recipes/exnihilosequentia/ens_beehive_frame": {
    "criteria": {
      "has_stick": "2024-10-08 21:52:16 +0000"
    },
    "done": true
  },
  "ceramics:recipes/ceramics/cracked_clay_bucket_smelting": {
    "criteria": {
      "has_item": "2024-10-08 21:44:22 +0000"
    },
    "done": true
  },
  "sophisticatedbackpacks:recipes/sophisticatedbackpacks/blasting_upgrade": {
    "criteria": {
      "has_upgrade_base": "2024-10-08 21:44:22 +0000"
    },
    "done": true
  },
  "minecraft:recipes/redstone/oak_fence_gate": {
    "criteria": {
      "has_planks": "2024-10-08 21:52:16 +0000"
    },
    "done": true
  },
  "sophisticatedbackpacks:recipes/sophisticatedbackpacks/auto_smoking_upgrade": {
    "criteria": {
      "has_smoking_upgrade": "2024-10-08 21:44:22 +0000"
    },
    "done": true
  },
  "exnihilosequentia:recipes/exnihilosequentia/ens_crucible_wood": {
    "criteria": {
      "has_logs": "2024-10-08 21:48:46 +0000"
    },
    "done": true
  },
  "woot:recipes/woot/heart": {
    "criteria": {
      "cobblestone": "2024-10-08 21:50:33 +0000"
    },
    "done": true
  },
  "mcwwindows:recipes/mosaic_pane/magenta_mosaic_glass_pane": {
    "criteria": {
      "has_mosaic_glass": "2024-10-08 21:44:22 +0000"
    },
    "done": true
  },
  "shrink:recipes/shrink/shrinking_device": {
    "criteria": {
      "has_enderpearls": "2024-10-08 21:46:37 +0000"
    },
    "done": true
  },
  "mcwwindows:recipes/mosaic_pane/light_gray_mosaic_glass_pane": {
    "criteria": {
      "has_mosaic_glass": "2024-10-08 21:44:22 +0000"
    },
    "done": true
  },
  "woot:recipes/woot/gray_dyecasing": {
    "criteria": {
      "cobblestone": "2024-10-08 21:50:33 +0000"
    },
    "done": true
  },
  "woot:recipes/woot/layout": {
    "criteria": {
      "cobblestone": "2024-10-08 21:50:33 +0000"
    },
    "done": true
  },
  "woot:recipes/woot/fluidconvertor": {
    "criteria": {
      "cobblestone": "2024-10-08 21:50:33 +0000"
    },
    "done": true
  },
  "minecraft:story/mine_stone": {
    "criteria": {
      "get_stone": "2024-10-08 21:50:33 +0000"
    },
    "done": true
  },
  "minecraft:recipes/decorations/furnace": {
    "criteria": {
      "has_cobblestone": "2024-10-08 21:50:33 +0000"
    },
    "done": true
  },
  "minecraft:recipes/woot/ench_squeezer_1": {
    "criteria": {
      "cobblestone": "2024-10-08 21:50:33 +0000"
    },
    "done": true
  },
  "woot:recipes/woot/import": {
    "criteria": {
      "cobblestone": "2024-10-08 21:50:33 +0000"
    },
    "done": true
  },
  "woot:recipes/woot/orange_dyecasing": {
    "criteria": {
      "cobblestone": "2024-10-08 21:50:33 +0000"
    },
    "done": true
  },
  "minecraft:recipes/misc/charcoal": {
    "criteria": {
      "has_log": "2024-10-08 21:48:46 +0000"
    },
    "done": true
  },
  "mcwtrpdoors:recipes/print_classic": {
    "criteria": {
      "has_planks": "2024-10-08 21:48:46 +0000"
    },
    "done": true
  },
  "minecraft:recipes/tools/wooden_pickaxe": {
    "criteria": {
      "has_stick": "2024-10-08 21:52:16 +0000"
    },
    "done": true
  },
  "sophisticatedbackpacks:recipes/sophisticatedbackpacks/smoking_upgrade_from_smelting_upgrade": {
    "criteria": {
      "has_smelting_upgrade": "2024-10-08 21:44:22 +0000"
    },
    "done": true
  },
  "minecraft:recipes/building_blocks/cobblestone_slab_from_cobblestone_stonecutting": {
    "criteria": {
      "has_cobblestone": "2024-10-08 21:50:33 +0000"
    },
    "done": true
  },
  "minecraft:recipes/transportation/birch_boat": {
    "criteria": {
      "in_water": "2024-10-08 21:44:22 +0000"
    },
    "done": true
  },
  "minecraft:recipes/building_blocks/oak_stairs": {
    "criteria": {
      "has_planks": "2024-10-08 21:52:16 +0000"
    },
    "done": true
  },
  "woot:recipes/woot/anvil": {
    "criteria": {
      "cobblestone": "2024-10-08 21:50:33 +0000"
    },
    "done": true
  },
  "cfm:recipes/cfm/oak_kitchen_drawer": {
    "criteria": {
      "has_log": "2024-10-08 21:48:46 +0000"
    },
    "done": true
  },
  "woot:recipes/woot/cap_a": {
    "criteria": {
      "cobblestone": "2024-10-08 21:50:33 +0000"
    },
    "done": true
  },
  "cfm:recipes/cfm/stripped_oak_coffee_table": {
    "criteria": {
      "has_planks": "2024-10-08 21:48:46 +0000"
    },
    "done": true
  },
  "minecraft:recipes/transportation/acacia_boat": {
    "criteria": {
      "in_water": "2024-10-08 21:44:22 +0000"
    },
    "done": true
  },
  "woot:recipes/woot/cap_c": {
    "criteria": {
      "cobblestone": "2024-10-08 21:50:33 +0000"
    },
    "done": true
  },
  "cfm:recipes/cfm/stripped_oak_cabinet": {
    "criteria": {
      "has_log": "2024-10-08 21:48:46 +0000"
    },
    "done": true
  },
  "woot:recipes/woot/cap_b": {
    "criteria": {
      "cobblestone": "2024-10-08 21:50:33 +0000"
    },
    "done": true
  },
  "exnihilosequentia:recipes/exnihilosequentia/ens_hammer_stone": {
    "criteria": {
      "has_material": "2024-10-08 21:50:33 +0000"
    },
    "done": true
  },
  "woot:recipes/woot/cap_d": {
    "criteria": {
      "cobblestone": "2024-10-08 21:50:33 +0000"
    },
    "done": true
  },
  "woot:recipes/woot/machine_casing": {
    "criteria": {
      "cobblestone": "2024-10-08 21:50:33 +0000"
    },
    "done": true
  },
  "woot:recipes/woot/black_dyecasing": {
    "criteria": {
      "cobblestone": "2024-10-08 21:50:33 +0000"
    },
    "done": true
  },
  "sophisticatedbackpacks:recipes/sophisticatedbackpacks/auto_blasting_upgrade_from_auto_smelting_upgrade": {
    "criteria": {
      "has_auto_smelting_upgrade": "2024-10-08 21:44:22 +0000"
    },
    "done": true
  },
  "mcwtrpdoors:recipes/oak/oak_barred_trapdoor": {
    "criteria": {
      "has_planks": "2024-10-08 21:48:46 +0000"
    },
    "done": true
  },
  "woot:recipes/woot/purple_dyecasing": {
    "criteria": {
      "cobblestone": "2024-10-08 21:50:33 +0000"
    },
    "done": true
  },
  "exnihilosequentia:recipes/exnihilosequentia/ens_crook_wood": {
    "criteria": {
      "has_pebble": "2024-10-08 21:52:16 +0000"
    },
    "done": true
  },
  "botania:recipes/botania/lexicon": {
    "criteria": {
      "has_item": "2024-10-08 21:48:42 +0000"
    },
    "done": true
  },
  "mcwwindows:recipes/arrow/cobblestone_arrow_slit": {
    "criteria": {
      "has_planks": "2024-10-08 21:50:33 +0000"
    },
    "done": true
  },
  "minecraft:recipes/tools/stone_hoe": {
    "criteria": {
      "has_cobblestone": "2024-10-08 21:50:33 +0000"
    },
    "done": true
  },
  "mcwdoors:recipes/oak/oak_barn_glass_door": {
    "criteria": {
      "has_planks": "2024-10-08 21:52:16 +0000"
    },
    "done": true
  },
  "cfm:recipes/cfm/stripped_oak_desk_cabinet": {
    "criteria": {
      "has_planks": "2024-10-08 21:48:46 +0000"
    },
    "done": true
  },
  "woot:recipes/woot/enchsqueezer": {
    "criteria": {
      "cobblestone": "2024-10-08 21:50:33 +0000"
    },
    "done": true
  },
  "mcwwindows:recipes/mosaic_pane/pink_mosaic_glass_pane": {
    "criteria": {
      "has_mosaic_glass": "2024-10-08 21:44:22 +0000"
    },
    "done": true
  },
  "cfm:recipes/cfm/oak_upgraded_gate": {
    "criteria": {
      "has_log": "2024-10-08 21:48:46 +0000"
    },
    "done": true
  },
  "exnihilosequentia:recipes/exnihilosequentia/ens_hammer_wood": {
    "criteria": {
      "has_material": "2024-10-08 21:52:16 +0000"
    },
    "done": true
  },
  "exnihilosequentia:recipes/exnihilosequentia/ens_barrel_wood": {
    "criteria": {
      "has_walls": "2024-10-08 21:52:16 +0000"
    },
    "done": true
  },
  "woot:recipes/woot/cell_4": {
    "criteria": {
      "cobblestone": "2024-10-08 21:50:33 +0000"
    },
    "done": true
  },
  "woot:recipes/woot/xp_3": {
    "criteria": {
      "cobblestone": "2024-10-08 21:50:33 +0000"
    },
    "done": true
  },
  "woot:recipes/woot/xp_2": {
    "criteria": {
      "cobblestone": "2024-10-08 21:50:33 +0000"
    },
    "done": true
  },
  "woot:recipes/woot/cell_2": {
    "criteria": {
      "cobblestone": "2024-10-08 21:50:33 +0000"
    },
    "done": true
  },
  "woot:recipes/woot/xp_1": {
    "criteria": {
      "cobblestone": "2024-10-08 21:50:33 +0000"
    },
    "done": true
  },
  "woot:recipes/woot/cell_3": {
    "criteria": {
      "cobblestone": "2024-10-08 21:50:33 +0000"
    },
    "done": true
  },
  "mcwdoors:recipes/oak/oak_cottage_door": {
    "criteria": {
      "has_planks": "2024-10-08 21:52:16 +0000"
    },
    "done": true
  },
  "woot:recipes/woot/cell_1": {
    "criteria": {
      "cobblestone": "2024-10-08 21:50:33 +0000"
    },
    "done": true
  },
  "create:root": {
    "criteria": {
      "0": "2024-10-08 21:44:22 +0000"
    },
    "done": true
  },
  "mcwdoors:recipes/print_oak": {
    "criteria": {
      "has_planks": "2024-10-08 21:52:16 +0000"
    },
    "done": true
  },
  "woot:recipes/woot/mass_1": {
    "criteria": {
      "cobblestone": "2024-10-08 21:50:33 +0000"
    },
    "done": true
  },
  "woot:recipes/woot/mass_3": {
    "criteria": {
      "cobblestone": "2024-10-08 21:50:33 +0000"
    },
    "done": true
  },
  "woot:recipes/woot/mass_2": {
    "criteria": {
      "cobblestone": "2024-10-08 21:50:33 +0000"
    },
    "done": true
  },
  "tombstone:adventure/first_knowledge": {
    "criteria": {
      "coded_trigger": "2024-10-08 21:51:19 +0000"
    },
    "done": true
  },
  "minecraft:story/upgrade_tools": {
    "criteria": {
      "stone_pickaxe": "2024-10-08 21:51:55 +0000"
    },
    "done": true
  },
  "exnihilosequentia:recipes/exnihilosequentia/ens_hammer_iron": {
    "criteria": {
      "has_stick": "2024-10-08 21:52:16 +0000"
    },
    "done": true
  },
  "minecraft:recipes/decorations/oak_fence": {
    "criteria": {
      "has_planks": "2024-10-08 21:52:16 +0000"
    },
    "done": true
  },
  "silentgear:recipes/silentgear/rough_rod": {
    "criteria": {
      "has_item": "2024-10-08 21:52:16 +0000"
    },
    "done": true
  },
  "minecraft:recipes/transportation/oak_boat": {
    "criteria": {
      "in_water": "2024-10-08 21:44:22 +0000"
    },
    "done": true
  },
  "minecraft:recipes/building_blocks/oak_slab": {
    "criteria": {
      "has_planks": "2024-10-08 21:52:16 +0000"
    },
    "done": true
  },
  "cfm:recipes/cfm/oak_park_bench": {
    "criteria": {
      "has_log": "2024-10-08 21:48:46 +0000"
    },
    "done": true
  },
  "woot:recipes/woot/infuser": {
    "criteria": {
      "cobblestone": "2024-10-08 21:50:33 +0000"
    },
    "done": true
  },
  "woot:recipes/woot/cyan_dyecasing": {
    "criteria": {
      "cobblestone": "2024-10-08 21:50:33 +0000"
    },
    "done": true
  },
  "cfm:recipes/cfm/stripped_oak_park_bench": {
    "criteria": {
      "has_log": "2024-10-08 21:48:46 +0000"
    },
    "done": true
  },
  "mcwwindows:recipes/mosaic_pane/orange_mosaic_glass_pane": {
    "criteria": {
      "has_mosaic_glass": "2024-10-08 21:44:22 +0000"
    },
    "done": true
  },
  "forbidden_arcanus:recipes/forbidden_arcanus/wooden_blacksmith_gavel": {
    "criteria": {
      "has_item": "2024-10-08 21:52:16 +0000"
    },
    "done": true
  },
  "minecraft:recipes/tools/wooden_axe": {
    "criteria": {
      "has_stick": "2024-10-08 21:52:16 +0000"
    },
    "done": true
  },
  "exnihilosequentia:recipes/exnihilosequentia/ens_hammer_gold": {
    "criteria": {
      "has_stick": "2024-10-08 21:52:16 +0000"
    },
    "done": true
  },
  "mcwwindows:recipes/planks/oak_plank_window2": {
    "criteria": {
      "has_planks": "2024-10-08 21:52:16 +0000"
    },
    "done": true
  },
  "framedblocks:recipes/framed_blocks/framed_cube": {
    "criteria": {
      "hasPlanks": "2024-10-08 21:52:16 +0000"
    },
    "done": true
  },
  "woot:recipes/woot/factory_ctr_base_sec": {
    "criteria": {
      "cobblestone": "2024-10-08 21:50:33 +0000"
    },
    "done": true
  },
  "woot:recipes/woot/light_gray_dyecasing": {
    "criteria": {
      "cobblestone": "2024-10-08 21:50:33 +0000"
    },
    "done": true
  },
  "mcwwindows:recipes/parapet/oak_plank_parapet": {
    "criteria": {
      "has_planks": "2024-10-08 21:52:16 +0000"
    },
    "done": true
  },
  "minecraft:recipes/woot/fluid_conv_1": {
    "criteria": {
      "cobblestone": "2024-10-08 21:50:33 +0000"
    },
    "done": true
  },
  "mcwwindows:recipes/mosaic_pane/cyan_mosaic_glass_pane": {
    "criteria": {
      "has_mosaic_glass": "2024-10-08 21:44:22 +0000"
    },
    "done": true
  },
  "mcwwindows:recipes/windows/oak_window2": {
    "criteria": {
      "has_planks": "2024-10-08 21:48:46 +0000"
    },
    "done": true
  },
  "mcwbridges:recipes/oak_log_bridge_middle": {
    "criteria": {
      "has_planks": "2024-10-08 21:52:16 +0000"
    },
    "done": true
  },
  "mcwwindows:recipes/mosaic_pane/white_mosaic_glass_pane": {
    "criteria": {
      "has_mosaic_glass": "2024-10-08 21:44:22 +0000"
    },
    "done": true
  },
  "woot:recipes/woot/tier_shard_2": {
    "criteria": {
      "cobblestone": "2024-10-08 21:50:33 +0000"
    },
    "done": true
  },
  "woot:recipes/woot/tier_shard_1": {
    "criteria": {
      "cobblestone": "2024-10-08 21:50:33 +0000"
    },
    "done": true
  },
  "woot:recipes/woot/si_ingot": {
    "criteria": {
      "cobblestone": "2024-10-08 21:50:33 +0000"
    },
    "done": true
  },
  "cfm:recipes/cfm/stripped_oak_crate": {
    "criteria": {
      "has_planks": "2024-10-08 21:48:46 +0000"
    },
    "done": true
  },
  "ceramics:recipes/building_blocks/stone_kiln": {
    "criteria": {
      "has_item": "2024-10-08 21:50:33 +0000"
    },
    "done": true
  },
  "cfm:recipes/cfm/oak_chair": {
    "criteria": {
      "has_log": "2024-10-08 21:48:46 +0000"
    },
    "done": true
  },
  "mcwtrpdoors:recipes/oak/oak_cottage_trapdoor": {
    "criteria": {
      "has_planks": "2024-10-08 21:48:46 +0000"
    },
    "done": true
  },
  "mcwroofs:recipes/cobblestone": {
    "criteria": {
      "has_planks": "2024-10-08 21:50:33 +0000"
    },
    "done": true
  },
  "woot:recipes/woot/squeezer": {
    "criteria": {
      "cobblestone": "2024-10-08 21:50:33 +0000"
    },
    "done": true
  },
  "mcwbridges:recipes/oak_bridge_pier": {
    "criteria": {
      "has_planks": "2024-10-08 21:48:46 +0000"
    },
    "done": true
  },
  "mcwwindows:recipes/mosaic_pane/blue_mosaic_glass_pane": {
    "criteria": {
      "has_mosaic_glass": "2024-10-08 21:44:22 +0000"
    },
    "done": true
  },
  "mcwdoors:recipes/oak/oak_japanese_door": {
    "criteria": {
      "has_planks": "2024-10-08 21:52:16 +0000"
    },
    "done": true
  },
  "woot:recipes/woot/looting_1": {
    "criteria": {
      "cobblestone": "2024-10-08 21:50:33 +0000"
    },
    "done": true
  },
  "mcwtrpdoors:recipes/oak/oak_four_panel_trapdoor": {
    "criteria": {
      "has_planks": "2024-10-08 21:48:46 +0000"
    },
    "done": true
  },
  "mcwwindows:recipes/mosaic_pane/green_mosaic_glass_pane": {
    "criteria": {
      "has_mosaic_glass": "2024-10-08 21:44:22 +0000"
    },
    "done": true
  },
  "mcwdoors:recipes/oak/oak_stable_door": {
    "criteria": {
      "has_planks": "2024-10-08 21:52:16 +0000"
    },
    "done": true
  },
  "mcwdoors:recipes/oak/oak_beach_door": {
    "criteria": {
      "has_planks": "2024-10-08 21:52:16 +0000"
    },
    "done": true
  },
  "cfm:recipes/cfm/stripped_oak_bedside_cabinet": {
    "criteria": {
      "has_planks": "2024-10-08 21:48:46 +0000"
    },
    "done": true
  },
  "woot:recipes/woot/factory_connect": {
    "criteria": {
      "cobblestone": "2024-10-08 21:50:33 +0000"
    },
    "done": true
  },
  "woot:recipes/woot/looting_2": {
    "criteria": {
      "cobblestone": "2024-10-08 21:50:33 +0000"
    },
    "done": true
  },
  "woot:recipes/woot/looting_3": {
    "criteria": {
      "cobblestone": "2024-10-08 21:50:33 +0000"
    },
    "done": true
  },
  "mcwwindows:recipes/strip/stripped_oak_log_window": {
    "criteria": {
      "has_planks": "2024-10-08 21:48:46 +0000"
    },
    "done": true
  },
  "minecraft:recipes/combat/wooden_sword": {
    "criteria": {
      "has_stick": "2024-10-08 21:52:16 +0000"
    },
    "done": true
  },
  "minecraft:recipes/tools/stone_shovel": {
    "criteria": {
      "has_cobblestone": "2024-10-08 21:50:33 +0000"
    },
    "done": true
  },
  "minecraft:recipes/building_blocks/oak_planks": {
    "criteria": {
      "has_logs": "2024-10-08 21:48:46 +0000"
    },
    "done": true
  },
  "tombstone:adventure/root": {
    "criteria": {
      "auto": "2024-10-08 21:44:22 +0000"
    },
    "done": true
  },
  "woot:recipes/woot/export": {
    "criteria": {
      "cobblestone": "2024-10-08 21:50:33 +0000"
    },
    "done": true
  },
  "minecraft:recipes/building_blocks/packed_ice_from_freezing": {
    "criteria": {
      "has_ice": "2024-10-08 21:44:22 +0000"
    },
    "done": true
  },
  "cfm:recipes/cfm/stripped_oak_kitchen_counter": {
    "criteria": {
      "has_log": "2024-10-08 21:48:46 +0000"
    },
    "done": true
  },
  "exnihilosequentia:recipes/exnihilosequentia/ens_sieve": {
    "criteria": {
      "has_plank": "2024-10-08 21:52:16 +0000"
    },
    "done": true
  },
  "cfm:recipes/cfm/oak_table": {
    "criteria": {
      "has_log": "2024-10-08 21:48:46 +0000"
    },
    "done": true
  },
  "mcwdoors:recipes/oak/oak_bark_glass_door": {
    "criteria": {
      "has_planks": "2024-10-08 21:48:46 +0000"
    },
    "done": true
  },
  "sophisticatedbackpacks:recipes/sophisticatedbackpacks/blasting_upgrade_from_smelting_upgrade": {
    "criteria": {
      "has_smelting_upgrade": "2024-10-08 21:44:22 +0000"
    },
    "done": true
  },
  "mcwwindows:recipes/mosaic_pane/red_mosaic_glass_pane": {
    "criteria": {
      "has_mosaic_glass": "2024-10-08 21:44:22 +0000"
    },
    "done": true
  },
  "minecraft:recipes/redstone/oak_pressure_plate": {
    "criteria": {
      "has_planks": "2024-10-08 21:52:16 +0000"
    },
    "done": true
  },
  "cfm:recipes/cfm/oak_desk": {
    "criteria": {
      "has_log": "2024-10-08 21:48:46 +0000"
    },
    "done": true
  },
  "mcwbridges:recipes/rope_oak_bridge": {
    "criteria": {
      "has_planks": "2024-10-08 21:52:16 +0000"
    },
    "done": true
  },
  "woot:recipes/woot/tier_shard_3": {
    "criteria": {
      "cobblestone": "2024-10-08 21:50:33 +0000"
    },
    "done": true
  },
  "resourcefulbees:resourcefulbees/root": {
    "criteria": {
      "inventory_changed": "2024-10-08 21:44:22 +0000"
    },
    "done": true
  },
  "mcwwindows:recipes/mosaic_pane/yellow_mosaic_glass_pane": {
    "criteria": {
      "has_mosaic_glass": "2024-10-08 21:44:22 +0000"
    },
    "done": true
  },
  "woot:recipes/woot/factory_upgrade": {
    "criteria": {
      "cobblestone": "2024-10-08 21:50:33 +0000"
    },
    "done": true
  },
  "minecraft:recipes/building_blocks/oak_wood": {
    "criteria": {
      "has_log": "2024-10-08 21:48:46 +0000"
    },
    "done": true
  },
  "exnihilosequentia:recipes/exnihilosequentia/ens_hammer_diamond": {
    "criteria": {
      "has_stick": "2024-10-08 21:52:16 +0000"
    },
    "done": true
  },
  "minecraft:recipes/combat/crossbow": {
    "criteria": {
      "has_stick": "2024-10-08 21:52:16 +0000"
    },
    "done": true
  },
  "sophisticatedbackpacks:recipes/sophisticatedbackpacks/smoking_upgrade": {
    "criteria": {
      "has_upgrade_base": "2024-10-08 21:44:22 +0000"
    },
    "done": true
  },
  "minecraft:recipes/decorations/oak_sign": {
    "criteria": {
      "has_oak_planks": "2024-10-08 21:52:16 +0000"
    },
    "done": true
  },
  "minecraft:recipes/redstone/oak_trapdoor": {
    "criteria": {
      "has_planks": "2024-10-08 21:52:16 +0000"
    },
    "done": true
  },
  "mcwwindows:recipes/parapet/oak_log_parapet": {
    "criteria": {
      "has_planks": "2024-10-08 21:48:46 +0000"
    },
    "done": true
  },
  "woot:recipes/woot/light_blue_dyecasing": {
    "criteria": {
      "cobblestone": "2024-10-08 21:50:33 +0000"
    },
    "done": true
  },
  "woot:recipes/woot/rate_2": {
    "criteria": {
      "cobblestone": "2024-10-08 21:50:33 +0000"
    },
    "done": true
  },
  "woot:recipes/woot/rate_3": {
    "criteria": {
      "cobblestone": "2024-10-08 21:50:33 +0000"
    },
    "done": true
  },
  "woot:recipes/woot/rate_1": {
    "criteria": {
      "cobblestone": "2024-10-08 21:50:33 +0000"
    },
    "done": true
  },
  "cfm:recipes/cfm/stripped_oak_desk": {
    "criteria": {
      "has_planks": "2024-10-08 21:48:46 +0000"
    },
    "done": true
  },
  "advancedperipherals:recipes/advancedperipheralstab/ar_goggles": {
    "criteria": {
      "has_item": "2024-10-08 21:52:16 +0000"
    },
    "done": true
  },
  "mcwwindows:recipes/blinds/oak_blinds": {
    "criteria": {
      "has_planks": "2024-10-08 21:52:16 +0000"
    },
    "done": true
  },
  "minecraft:recipes/redstone/oak_button": {
    "criteria": {
      "has_planks": "2024-10-08 21:52:16 +0000"
    },
    "done": true
  },
  "mcwtrpdoors:recipes/acacia/oak_bark_trapdoor": {
    "criteria": {
      "has_planks": "2024-10-08 21:48:46 +0000"
    },
    "done": true
  },
  "mcwtrpdoors:recipes/oak/oak_glass_trapdoor": {
    "criteria": {
      "has_planks": "2024-10-08 21:48:46 +0000"
    },
    "done": true
  },
  "cfm:recipes/cfm/oak_cabinet": {
    "criteria": {
      "has_log": "2024-10-08 21:48:46 +0000"
    },
    "done": true
  },
  "mcwwindows:recipes/mosaic_pane/light_blue_mosaic_glass_pane": {
    "criteria": {
      "has_mosaic_glass": "2024-10-08 21:44:22 +0000"
    },
    "done": true
  },
  "woot:recipes/woot/factory_a": {
    "criteria": {
      "cobblestone": "2024-10-08 21:50:33 +0000"
    },
    "done": true
  },
  "tombstone:recipes/from_grave_dust": {
    "criteria": {
      "has_ingredient": "2024-10-08 21:51:43 +0000"
    },
    "done": true
  },
  "mcwwindows:recipes/mosaic_pane/lime_mosaic_glass_pane": {
    "criteria": {
      "has_mosaic_glass": "2024-10-08 21:44:22 +0000"
    },
    "done": true
  },
  "minecraft:recipes/building_blocks/stone": {
    "criteria": {
      "has_cobblestone": "2024-10-08 21:50:33 +0000"
    },
    "done": true
  },
  "mcwwindows:recipes/windows/oak_window": {
    "criteria": {
      "has_planks": "2024-10-08 21:48:46 +0000"
    },
    "done": true
  },
  "woot:recipes/woot/factory_b": {
    "criteria": {
      "cobblestone": "2024-10-08 21:50:33 +0000"
    },
    "done": true
  },
  "woot:recipes/woot/factory_c": {
    "criteria": {
      "cobblestone": "2024-10-08 21:50:33 +0000"
    },
    "done": true
  },
  "woot:recipes/woot/factory_d": {
    "criteria": {
      "cobblestone": "2024-10-08 21:50:33 +0000"
    },
    "done": true
  },
  "minecraft:adventure/adventuring_time": {
    "criteria": {
      "minecraft:jungle_edge": "2024-10-08 21:49:52 +0000",
      "minecraft:jungle": "2024-10-08 21:49:51 +0000",
      "minecraft:jungle_hills": "2024-10-08 21:44:22 +0000",
      "minecraft:plains": "2024-10-08 21:51:10 +0000"
    },
    "done": false
  },
  "woot:recipes/woot/factory_e": {
    "criteria": {
      "cobblestone": "2024-10-08 21:50:33 +0000"
    },
    "done": true
  },
  "mcwdoors:recipes/oak/oak_nether_door": {
    "criteria": {
      "has_planks": "2024-10-08 21:52:16 +0000"
    },
    "done": true
  },
  "mcwbridges:recipes/oak_rail_bridge": {
    "criteria": {
      "has_planks": "2024-10-08 21:52:16 +0000"
    },
    "done": true
  },
  "ceramics:recipes/building_blocks/stone_slab_kiln": {
    "criteria": {
      "has_item": "2024-10-08 21:54:51 +0000"
    },
    "done": true
  },
  "usefulrailroads:recipes/fuel/teleport_rail/ender_pearl": {
    "criteria": {
      "has_ingredient": "2024-10-08 21:46:37 +0000"
    },
    "done": true
  },
  "mcwwindows:recipes/strip/stripped_oak_log_window2": {
    "criteria": {
      "has_planks": "2024-10-08 21:48:46 +0000"
    },
    "done": true
  },
  "storagedrawers:recipes/storagedrawers/oak_trim": {
    "criteria": {
      "has_planks": "2024-10-08 21:52:16 +0000"
    },
    "done": true
  },
  "minecraft:recipes/combat/stone_sword": {
    "criteria": {
      "has_cobblestone": "2024-10-08 21:50:33 +0000"
    },
    "done": true
  },
  "minecraft:recipes/decorations/cobblestone_wall": {
    "criteria": {
      "has_cobblestone": "2024-10-08 21:50:33 +0000"
    },
    "done": true
  },
  "minecraft:recipes/decorations/barrel": {
    "criteria": {
      "has_planks": "2024-10-08 21:52:16 +0000"
    },
    "done": true
  },
  "cfm:recipes/cfm/stone_cabinet": {
    "criteria": {
      "has_planks": "2024-10-08 21:50:33 +0000"
    },
    "done": true
  },
  "minecraft:recipes/tools/stone_pickaxe": {
    "criteria": {
      "has_cobblestone": "2024-10-08 21:50:33 +0000"
    },
    "done": true
  },
  "minecraft:recipes/woot/infuser_1": {
    "criteria": {
      "cobblestone": "2024-10-08 21:50:33 +0000"
    },
    "done": true
  },
  "mcwdoors:recipes/oak/oak_modern_door": {
    "criteria": {
      "has_planks": "2024-10-08 21:52:16 +0000"
    },
    "done": true
  },
  "cfm:recipes/cfm/oak_desk_cabinet": {
    "criteria": {
      "has_log": "2024-10-08 21:48:46 +0000"
    },
    "done": true
  },
  "minecraft:recipes/redstone/oak_door": {
    "criteria": {
      "has_planks": "2024-10-08 21:52:16 +0000"
    },
    "done": true
  },
  "mcwdoors:recipes/oak/oak_paper_door": {
    "criteria": {
      "has_planks": "2024-10-08 21:52:16 +0000"
    },
    "done": true
  },
  "minecraft:recipes/transportation/jungle_boat": {
    "criteria": {
      "in_water": "2024-10-08 21:44:22 +0000"
    },
    "done": true
  },
  "minecraft:recipes/decorations/cobblestone_wall_from_cobblestone_stonecutting": {
    "criteria": {
      "has_cobblestone": "2024-10-08 21:50:33 +0000"
    },
    "done": true
  },
  "tconstruct:recipes/tconstruct/general/tables/pattern": {
    "criteria": {
      "has_item": "2024-10-08 21:52:16 +0000"
    },
    "done": true
  },
  "mcwdoors:recipes/oak/oak_barn_door": {
    "criteria": {
      "has_planks": "2024-10-08 21:52:16 +0000"
    },
    "done": true
  },
  "xnet:recipes/xnet/connector_upgrade": {
    "criteria": {
      "pearl": "2024-10-08 21:46:37 +0000"
    },
    "done": true
  },
  "minecraft:recipes/transportation/dark_oak_boat": {
    "criteria": {
      "in_water": "2024-10-08 21:44:22 +0000"
    },
    "done": true
  },
  "sophisticatedbackpacks:recipes/sophisticatedbackpacks/auto_smoking_upgrade_from_auto_smelting_upgrade": {
    "criteria": {
      "has_auto_smelting_upgrade": "2024-10-08 21:44:22 +0000"
    },
    "done": true
  },
  "mcwtrpdoors:recipes/oak/oak_beach_trapdoor": {
    "criteria": {
      "has_planks": "2024-10-08 21:48:46 +0000"
    },
    "done": true
  },
  "mcwdoors:recipes/oak/oak_western_door": {
    "criteria": {
      "has_planks": "2024-10-08 21:52:16 +0000"
    },
    "done": true
  },
  "cfm:recipes/cfm/stone_chair": {
    "criteria": {
      "has_planks": "2024-10-08 21:50:33 +0000"
    },
    "done": true
  },
  "sophisticatedbackpacks:recipes/sophisticatedbackpacks/auto_blasting_upgrade": {
    "criteria": {
      "has_blasting_upgrade": "2024-10-08 21:44:22 +0000"
    },
    "done": true
  },
  "woot:recipes/woot/green_dyecasing": {
    "criteria": {
      "cobblestone": "2024-10-08 21:50:33 +0000"
    },
    "done": true
  },
  "cfm:recipes/cfm/stone_bedside_cabinet": {
    "criteria": {
      "has_planks": "2024-10-08 21:50:33 +0000"
    },
    "done": true
  },
  "minecraft:recipes/woot/squeezer_1": {
    "criteria": {
      "cobblestone": "2024-10-08 21:50:33 +0000"
    },
    "done": true
  },
  "woot:recipes/woot/factory_ctr_base_pri": {
    "criteria": {
      "cobblestone": "2024-10-08 21:50:33 +0000"
    },
    "done": true
  },
  "cfm:recipes/cfm/oak_upgraded_fence": {
    "criteria": {
      "has_log": "2024-10-08 21:48:46 +0000"
    },
    "done": true
  },
  "mcwdoors:recipes/oak/oak_tropical_door": {
    "criteria": {
      "has_planks": "2024-10-08 21:52:16 +0000"
    },
    "done": true
  },
  "woot:recipes/woot/yellow_dyecasing": {
    "criteria": {
      "cobblestone": "2024-10-08 21:50:33 +0000"
    },
    "done": true
  },
  "mcwtrpdoors:recipes/oak/oak_paper_trapdoor": {
    "criteria": {
      "has_planks": "2024-10-08 21:48:46 +0000"
    },
    "done": true
  },
  "mcwdoors:recipes/oak/oak_japanese2_door": {
    "criteria": {
      "has_planks": "2024-10-08 21:52:16 +0000"
    },
    "done": true
  },
  "cfm:recipes/cfm/stone_table": {
    "criteria": {
      "has_planks": "2024-10-08 21:50:33 +0000"
    },
    "done": true
  },
  "ironchest:recipes/ironchest/upgrades/wood_to_copper_chest_upgrade": {
    "criteria": {
      "has_item": "2024-10-08 21:52:16 +0000"
    },
    "done": true
  },
  "minecraft:recipes/decorations/soul_campfire": {
    "criteria": {
      "has_stick": "2024-10-08 21:52:16 +0000"
    },
    "done": true
  },
  "mcwtrpdoors:recipes/oak/oak_tropical_trapdoor": {
    "criteria": {
      "has_planks": "2024-10-08 21:48:46 +0000"
    },
    "done": true
  },
  "mcwwindows:recipes/mosaic_pane/black_mosaic_glass_pane": {
    "criteria": {
      "has_mosaic_glass": "2024-10-08 21:44:22 +0000"
    },
    "done": true
  },
  "minecraft:recipes/tools/stone_axe": {
    "criteria": {
      "has_cobblestone": "2024-10-08 21:50:33 +0000"
    },
    "done": true
  },
  "cfm:recipes/cfm/oak_kitchen_sink_light": {
    "criteria": {
      "has_bottom": "2024-10-08 21:52:16 +0000"
    },
    "done": true
  },
  "mcwtrpdoors:recipes/oak/oak_mystic_trapdoor": {
    "criteria": {
      "has_planks": "2024-10-08 21:48:46 +0000"
    },
    "done": true
  },
  "woot:recipes/woot/white_dyecasing": {
    "criteria": {
      "cobblestone": "2024-10-08 21:50:33 +0000"
    },
    "done": true
  },
  "cfm:recipes/cfm/oak_coffee_table": {
    "criteria": {
      "has_log": "2024-10-08 21:48:46 +0000"
    },
    "done": true
  },
  "DataVersion": 2586
}