{
  "cfm:recipes/cfm/spruce_kitchen_drawer": {
    "criteria": {
      "has_chest": "2024-10-08 21:43:43 +0000"
    },
    "done": true
  },
  "minecraft:recipes/tools/fishing_rod": {
    "criteria": {
      "has_string": "2024-10-08 22:06:56 +0000"
    },
    "done": true
  },
  "minecraft:recipes/redstone/lever": {
    "criteria": {
      "has_cobblestone": "2024-10-08 21:39:52 +0000"
    },
    "done": true
  },
  "cfm:recipes/cfm/yellow_cooler": {
    "criteria": {
      "has_chest": "2024-10-08 21:43:43 +0000"
    },
    "done": true
  },
  "rftoolsutility:recipes/rftoolsutility/charged_porter": {
    "criteria": {
      "pearl": "2024-10-08 21:49:37 +0000"
    },
    "done": true
  },
  "woot:recipes/woot/mobshard2": {
    "criteria": {
      "cobblestone": "2024-10-08 21:39:52 +0000"
    },
    "done": true
  },
  "woot:recipes/woot/xpshard": {
    "criteria": {
      "cobblestone": "2024-10-08 21:39:52 +0000"
    },
    "done": true
  },
  "astralsorcery:root": {
    "criteria": {
      "astralsorcery_present": "2024-10-08 21:31:39 +0000"
    },
    "done": true
  },
  "xnet:recipes/xnet/netcable_blue_dye": {
    "criteria": {
      "chest": "2024-10-08 21:43:43 +0000"
    },
    "done": true
  },
  "woot:recipes/woot/brown_dyecasing": {
    "criteria": {
      "cobblestone": "2024-10-08 21:39:52 +0000"
    },
    "done": true
  },
  "minecraft:recipes/decorations/crafting_table": {
    "criteria": {
      "has_planks": "2024-10-08 21:38:22 +0000"
    },
    "done": true
  },
  "dimstorage:recipes/dimstorage_tab/dim_wall": {
    "criteria": {
      "ender_pearl": "2024-10-08 21:49:37 +0000"
    },
    "done": true
  },
  "woot:recipes/woot/intern": {
    "criteria": {
      "cobblestone": "2024-10-08 21:39:52 +0000"
    },
    "done": true
  },
  "minecraft:recipes/building_blocks/magenta_wool": {
    "criteria": {
      "has_white_wool": "2024-10-08 22:08:09 +0000"
    },
    "done": true
  },
  "xnet:recipes/xnet/netcable_green_dye": {
    "criteria": {
      "chest": "2024-10-08 21:43:43 +0000"
    },
    "done": true
  },
  "woot:recipes/woot/oracle": {
    "criteria": {
      "cobblestone": "2024-10-08 21:39:52 +0000"
    },
    "done": true
  },
  "minecraft:recipes/decorations/ladder": {
    "criteria": {
      "has_stick": "2024-10-08 21:35:58 +0000"
    },
    "done": true
  },
  "iceandfire:iceandfire/root": {
    "criteria": {
      "tick": "2024-10-08 21:31:39 +0000"
    },
    "done": true
  },
  "minecraft:recipes/decorations/chest": {
    "criteria": {
      "has_lots_of_items": "2024-10-08 21:35:58 +0000"
    },
    "done": true
  },
  "chisel:recipes/chisel/charcoal/raw": {
    "criteria": {
      "has_charcoal": "2024-10-08 22:04:34 +0000"
    },
    "done": true
  },
  "minecraft:recipes/tools/wooden_shovel": {
    "criteria": {
      "has_stick": "2024-10-08 21:35:58 +0000"
    },
    "done": true
  },
  "minecraft:recipes/decorations/torch": {
    "criteria": {
      "has_stone_pickaxe": "2024-10-08 21:45:08 +0000"
    },
    "done": true
  },
  "xnet:recipes/xnet/connector_green_dye": {
    "criteria": {
      "chest": "2024-10-08 21:43:43 +0000"
    },
    "done": true
  },
  "minecraft:recipes/misc/stick": {
    "criteria": {
      "has_planks": "2024-10-08 21:38:22 +0000"
    },
    "done": true
  },
  "xnet:recipes/xnet/connector_blue_dye": {
    "criteria": {
      "chest": "2024-10-08 21:43:43 +0000"
    },
    "done": true
  },
  "xnet:recipes/xnet/advanced_connector_red_dye": {
    "criteria": {
      "chest": "2024-10-08 21:43:43 +0000"
    },
    "done": true
  },
  "mcwdoors:recipes/oak/oak_glass_door": {
    "criteria": {
      "has_planks": "2024-10-08 21:38:22 +0000"
    },
    "done": true
  },
  "cfm:recipes/cfm/pink_kitchen_drawer": {
    "criteria": {
      "has_chest": "2024-10-08 21:43:43 +0000"
    },
    "done": true
  },
  "cfm:recipes/cfm/lime_kitchen_drawer": {
    "criteria": {
      "has_chest": "2024-10-08 21:43:43 +0000"
    },
    "done": true
  },
  "cfm:recipes/cfm/dark_oak_kitchen_drawer": {
    "criteria": {
      "has_chest": "2024-10-08 21:43:43 +0000"
    },
    "done": true
  },
  "mcwwindows:recipes/mosaic_pane/purple_mosaic_glass_pane": {
    "criteria": {
      "has_mosaic_glass": "2024-10-08 21:31:38 +0000"
    },
    "done": true
  },
  "cfm:recipes/cfm/red_cooler": {
    "criteria": {
      "has_chest": "2024-10-08 21:43:43 +0000"
    },
    "done": true
  },
  "woot:recipes/woot/red_dyecasing": {
    "criteria": {
      "cobblestone": "2024-10-08 21:39:52 +0000"
    },
    "done": true
  },
  "mcwfences:recipes/oak": {
    "criteria": {
      "has_oak": "2024-10-08 21:32:48 +0000"
    },
    "done": true
  },
  "forbidden_arcanus:recipes/forbidden_arcanus/stone_blacksmith_gavel": {
    "criteria": {
      "has_item": "2024-10-08 21:39:52 +0000"
    },
    "done": true
  },
  "minecraft:recipes/building_blocks/cobblestone_slab": {
    "criteria": {
      "has_cobblestone": "2024-10-08 21:39:52 +0000"
    },
    "done": true
  },
  "cfm:recipes/cfm/gray_kitchen_drawer": {
    "criteria": {
      "has_chest": "2024-10-08 21:43:43 +0000"
    },
    "done": true
  },
  "minecraft:recipes/building_blocks/ens_basalt": {
    "criteria": {
      "has_pebble": "2024-10-08 22:12:43 +0000"
    },
    "done": true
  },
  "cfm:recipes/cfm/oak_bedside_cabinet": {
    "criteria": {
      "has_log": "2024-10-08 21:32:48 +0000"
    },
    "done": true
  },
  "woot:recipes/woot/efficiency_3": {
    "criteria": {
      "cobblestone": "2024-10-08 21:39:52 +0000"
    },
    "done": true
  },
  "minecraft:recipes/building_blocks/ens_cobblestone": {
    "criteria": {
      "has_pebble": "2024-10-08 22:12:39 +0000"
    },
    "done": true
  },
  "botania:recipes/botania/pestle_and_mortar": {
    "criteria": {
      "has_item": "2024-10-08 21:38:22 +0000"
    },
    "done": true
  },
  "create:recipes/create.base/crafting/kinetics/yellow_seat": {
    "criteria": {
      "has_wool": "2024-10-08 22:08:09 +0000"
    },
    "done": true
  },
  "xnet:recipes/xnet/netcable_yellow_dye": {
    "criteria": {
      "chest": "2024-10-08 21:43:43 +0000"
    },
    "done": true
  },
  "woot:recipes/woot/si_plate": {
    "criteria": {
      "cobblestone": "2024-10-08 21:39:52 +0000"
    },
    "done": true
  },
  "woot:recipes/woot/efficiency_2": {
    "criteria": {
      "cobblestone": "2024-10-08 21:39:52 +0000"
    },
    "done": true
  },
  "woot:recipes/woot/efficiency_1": {
    "criteria": {
      "cobblestone": "2024-10-08 21:39:52 +0000"
    },
    "done": true
  },
  "comforts:sleeping_bag_light_blue_from_white": {
    "criteria": {
      "has_sleeping_bag": "2024-10-08 22:08:42 +0000"
    },
    "done": true
  },
  "ceramics:recipes/ceramics/cracked_clay_bucket_smelting": {
    "criteria": {
      "has_item": "2024-10-08 21:31:39 +0000"
    },
    "done": true
  },
  "sophisticatedbackpacks:recipes/sophisticatedbackpacks/blasting_upgrade": {
    "criteria": {
      "has_upgrade_base": "2024-10-08 21:31:38 +0000"
    },
    "done": true
  },
  "create:recipes/create.base/crafting/kinetics/lime_seat": {
    "criteria": {
      "has_wool": "2024-10-08 22:08:09 +0000"
    },
    "done": true
  },
  "sophisticatedbackpacks:recipes/sophisticatedbackpacks/auto_smoking_upgrade": {
    "criteria": {
      "has_smoking_upgrade": "2024-10-08 21:31:38 +0000"
    },
    "done": true
  },
  "woot:recipes/woot/heart": {
    "criteria": {
      "cobblestone": "2024-10-08 21:39:52 +0000"
    },
    "done": true
  },
  "minecraft:recipes/decorations/magenta_bed_from_white_bed": {
    "criteria": {
      "has_bed": "2024-10-08 22:08:09 +0000"
    },
    "done": true
  },
  "mcwwindows:recipes/mosaic_pane/magenta_mosaic_glass_pane": {
    "criteria": {
      "has_mosaic_glass": "2024-10-08 21:31:38 +0000"
    },
    "done": true
  },
  "shrink:recipes/shrink/shrinking_device": {
    "criteria": {
      "has_enderpearls": "2024-10-08 21:49:37 +0000"
    },
    "done": true
  },
  "mcwwindows:recipes/mosaic_pane/light_gray_mosaic_glass_pane": {
    "criteria": {
      "has_mosaic_glass": "2024-10-08 21:31:38 +0000"
    },
    "done": true
  },
  "cfm:recipes/cfm/brown_cooler": {
    "criteria": {
      "has_chest": "2024-10-08 21:43:43 +0000"
    },
    "done": true
  },
  "woot:recipes/woot/gray_dyecasing": {
    "criteria": {
      "cobblestone": "2024-10-08 21:39:52 +0000"
    },
    "done": true
  },
  "exnihilosequentia:recipes/exnihilosequentia/ens_cooked_silkworm_blast": {
    "criteria": {
      "has_silkworm": "2024-10-08 21:55:24 +0000"
    },
    "done": true
  },
  "minecraft:recipes/building_blocks/blue_wool": {
    "criteria": {
      "has_white_wool": "2024-10-08 22:08:09 +0000"
    },
    "done": true
  },
  "woot:recipes/woot/layout": {
    "criteria": {
      "cobblestone": "2024-10-08 21:39:52 +0000"
    },
    "done": true
  },
  "woot:recipes/woot/fluidconvertor": {
    "criteria": {
      "cobblestone": "2024-10-08 21:39:52 +0000"
    },
    "done": true
  },
  "cfm:recipes/cfm/magenta_kitchen_drawer": {
    "criteria": {
      "has_chest": "2024-10-08 21:43:43 +0000"
    },
    "done": true
  },
  "cfm:recipes/cfm/brown_kitchen_drawer": {
    "criteria": {
      "has_chest": "2024-10-08 21:43:43 +0000"
    },
    "done": true
  },
  "storagedrawers:recipes/storagedrawers/oak_drawers": {
    "criteria": {
      "has_chest": "2024-10-08 21:43:43 +0000"
    },
    "done": true
  },
  "woot:recipes/woot/import": {
    "criteria": {
      "cobblestone": "2024-10-08 21:39:52 +0000"
    },
    "done": true
  },
  "minecraft:adventure/sleep_in_bed": {
    "criteria": {
      "slept_in_bed": "2024-10-08 22:08:33 +0000"
    },
    "done": true
  },
  "sophisticatedbackpacks:recipes/sophisticatedbackpacks/smoking_upgrade_from_smelting_upgrade": {
    "criteria": {
      "has_smelting_upgrade": "2024-10-08 21:31:38 +0000"
    },
    "done": true
  },
  "minecraft:recipes/building_blocks/cobblestone_slab_from_cobblestone_stonecutting": {
    "criteria": {
      "has_cobblestone": "2024-10-08 21:39:52 +0000"
    },
    "done": true
  },
  "minecraft:recipes/building_blocks/oak_stairs": {
    "criteria": {
      "has_planks": "2024-10-08 21:38:22 +0000"
    },
    "done": true
  },
  "woot:recipes/woot/anvil": {
    "criteria": {
      "cobblestone": "2024-10-08 21:39:52 +0000"
    },
    "done": true
  },
  "cfm:recipes/cfm/oak_kitchen_drawer": {
    "criteria": {
      "has_log": "2024-10-08 21:32:48 +0000"
    },
    "done": true
  },
  "cfm:recipes/cfm/stripped_oak_coffee_table": {
    "criteria": {
      "has_planks": "2024-10-08 21:32:48 +0000"
    },
    "done": true
  },
  "minecraft:recipes/transportation/acacia_boat": {
    "criteria": {
      "in_water": "2024-10-08 21:38:46 +0000"
    },
    "done": true
  },
  "cfm:recipes/cfm/stripped_oak_cabinet": {
    "criteria": {
      "has_log": "2024-10-08 21:32:48 +0000"
    },
    "done": true
  },
  "exnihilosequentia:recipes/exnihilosequentia/ens_hammer_stone": {
    "criteria": {
      "has_stick": "2024-10-08 21:35:58 +0000"
    },
    "done": true
  },
  "woot:recipes/woot/machine_casing": {
    "criteria": {
      "cobblestone": "2024-10-08 21:39:52 +0000"
    },
    "done": true
  },
  "storagedrawers:recipes/storagedrawers/dark_oak_drawers": {
    "criteria": {
      "has_chest": "2024-10-08 21:43:43 +0000"
    },
    "done": true
  },
  "sophisticatedbackpacks:recipes/sophisticatedbackpacks/auto_blasting_upgrade_from_auto_smelting_upgrade": {
    "criteria": {
      "has_auto_smelting_upgrade": "2024-10-08 21:31:38 +0000"
    },
    "done": true
  },
  "create:recipes/create.base/crafting/kinetics/black_seat": {
    "criteria": {
      "has_wool": "2024-10-08 22:08:09 +0000"
    },
    "done": true
  },
  "minecraft:recipes/decorations/gray_bed_from_white_bed": {
    "criteria": {
      "has_bed": "2024-10-08 22:08:09 +0000"
    },
    "done": true
  },
  "woot:recipes/woot/purple_dyecasing": {
    "criteria": {
      "cobblestone": "2024-10-08 21:39:52 +0000"
    },
    "done": true
  },
  "exnihilosequentia:recipes/exnihilosequentia/ens_crook_wood": {
    "criteria": {
      "has_pebble": "2024-10-08 21:35:58 +0000"
    },
    "done": true
  },
  "mcwwindows:recipes/arrow/cobblestone_arrow_slit": {
    "criteria": {
      "has_planks": "2024-10-08 21:39:52 +0000"
    },
    "done": true
  },
  "minecraft:recipes/building_blocks/white_wool_from_string": {
    "criteria": {
      "has_string": "2024-10-08 22:06:56 +0000"
    },
    "done": true
  },
  "mcwdoors:recipes/oak/oak_barn_glass_door": {
    "criteria": {
      "has_planks": "2024-10-08 21:38:22 +0000"
    },
    "done": true
  },
  "cfm:recipes/cfm/stripped_oak_desk_cabinet": {
    "criteria": {
      "has_planks": "2024-10-08 21:32:48 +0000"
    },
    "done": true
  },
  "exnihilosequentia:recipes/exnihilosequentia/ens_cooked_silkworm": {
    "criteria": {
      "has_silkworm": "2024-10-08 21:55:24 +0000"
    },
    "done": true
  },
  "xnet:recipes/xnet/advanced_connector_yellow_dye": {
    "criteria": {
      "chest": "2024-10-08 21:43:43 +0000"
    },
    "done": true
  },
  "exnihilosequentia:recipes/exnihilosequentia/ens_hammer_wood": {
    "criteria": {
      "has_stick": "2024-10-08 21:35:58 +0000"
    },
    "done": true
  },
  "exnihilosequentia:recipes/exnihilosequentia/ens_cooked_silkworm_from_campfire": {
    "criteria": {
      "has_silkworm": "2024-10-08 21:55:24 +0000"
    },
    "done": true
  },
  "minecraft:recipes/decorations/pink_bed_from_white_bed": {
    "criteria": {
      "has_bed": "2024-10-08 22:08:09 +0000"
    },
    "done": true
  },
  "woot:recipes/woot/cell_4": {
    "criteria": {
      "cobblestone": "2024-10-08 21:39:52 +0000"
    },
    "done": true
  },
  "woot:recipes/woot/cell_2": {
    "criteria": {
      "cobblestone": "2024-10-08 21:39:52 +0000"
    },
    "done": true
  },
  "woot:recipes/woot/cell_3": {
    "criteria": {
      "cobblestone": "2024-10-08 21:39:52 +0000"
    },
    "done": true
  },
  "woot:recipes/woot/cell_1": {
    "criteria": {
      "cobblestone": "2024-10-08 21:39:52 +0000"
    },
    "done": true
  },
  "mcwdoors:recipes/print_oak": {
    "criteria": {
      "has_planks": "2024-10-08 21:38:22 +0000"
    },
    "done": true
  },
  "woot:recipes/woot/mass_1": {
    "criteria": {
      "cobblestone": "2024-10-08 21:39:52 +0000"
    },
    "done": true
  },
  "woot:recipes/woot/mass_3": {
    "criteria": {
      "cobblestone": "2024-10-08 21:39:52 +0000"
    },
    "done": true
  },
  "woot:recipes/woot/mass_2": {
    "criteria": {
      "cobblestone": "2024-10-08 21:39:52 +0000"
    },
    "done": true
  },
  "minecraft:recipes/decorations/oak_fence": {
    "criteria": {
      "has_planks": "2024-10-08 21:38:22 +0000"
    },
    "done": true
  },
  "minecraft:recipes/building_blocks/oak_slab": {
    "criteria": {
      "has_planks": "2024-10-08 21:38:22 +0000"
    },
    "done": true
  },
  "create:recipes/create.base/crafting/kinetics/red_seat": {
    "criteria": {
      "has_wool": "2024-10-08 22:08:09 +0000"
    },
    "done": true
  },
  "woot:recipes/woot/infuser": {
    "criteria": {
      "cobblestone": "2024-10-08 21:39:52 +0000"
    },
    "done": true
  },
  "xnet:recipes/xnet/advanced_connector_blue": {
    "criteria": {
      "chest": "2024-10-08 21:43:43 +0000"
    },
    "done": true
  },
  "cfm:recipes/cfm/stripped_oak_park_bench": {
    "criteria": {
      "has_log": "2024-10-08 21:32:48 +0000"
    },
    "done": true
  },
  "mcwwindows:recipes/mosaic_pane/orange_mosaic_glass_pane": {
    "criteria": {
      "has_mosaic_glass": "2024-10-08 21:31:38 +0000"
    },
    "done": true
  },
  "comforts:hammock_white": {
    "criteria": {
      "has_white_wool": "2024-10-08 22:08:09 +0000"
    },
    "done": true
  },
  "comforts:sleeping_bag_green_from_white": {
    "criteria": {
      "has_sleeping_bag": "2024-10-08 22:08:42 +0000"
    },
    "done": true
  },
  "framedblocks:recipes/framed_blocks/framed_cube": {
    "criteria": {
      "hasPlanks": "2024-10-08 21:38:22 +0000"
    },
    "done": true
  },
  "minecraft:recipes/building_blocks/black_wool": {
    "criteria": {
      "has_white_wool": "2024-10-08 22:08:09 +0000"
    },
    "done": true
  },
  "mcwwindows:recipes/parapet/oak_plank_parapet": {
    "criteria": {
      "has_planks": "2024-10-08 21:38:22 +0000"
    },
    "done": true
  },
  "cfm:recipes/cfm/crimson_kitchen_drawer": {
    "criteria": {
      "has_chest": "2024-10-08 21:43:43 +0000"
    },
    "done": true
  },
  "mcwwindows:recipes/mosaic_pane/white_mosaic_glass_pane": {
    "criteria": {
      "has_mosaic_glass": "2024-10-08 21:31:38 +0000"
    },
    "done": true
  },
  "woot:recipes/woot/si_ingot": {
    "criteria": {
      "cobblestone": "2024-10-08 21:39:52 +0000"
    },
    "done": true
  },
  "cfm:recipes/cfm/stripped_spruce_kitchen_drawer": {
    "criteria": {
      "has_chest": "2024-10-08 21:43:43 +0000"
    },
    "done": true
  },
  "cfm:recipes/cfm/pink_cooler": {
    "criteria": {
      "has_chest": "2024-10-08 21:43:43 +0000"
    },
    "done": true
  },
  "cfm:recipes/cfm/stripped_oak_crate": {
    "criteria": {
      "has_planks": "2024-10-08 21:32:48 +0000"
    },
    "done": true
  },
  "cfm:recipes/cfm/cyan_kitchen_drawer": {
    "criteria": {
      "has_chest": "2024-10-08 21:43:43 +0000"
    },
    "done": true
  },
  "cfm:recipes/cfm/fridge_dark": {
    "criteria": {
      "has_chest": "2024-10-08 21:43:43 +0000"
    },
    "done": true
  },
  "cfm:recipes/cfm/oak_chair": {
    "criteria": {
      "has_log": "2024-10-08 21:32:48 +0000"
    },
    "done": true
  },
  "mcwtrpdoors:recipes/oak/oak_cottage_trapdoor": {
    "criteria": {
      "has_planks": "2024-10-08 21:32:48 +0000"
    },
    "done": true
  },
  "woot:recipes/woot/squeezer": {
    "criteria": {
      "cobblestone": "2024-10-08 21:39:52 +0000"
    },
    "done": true
  },
  "xnet:recipes/xnet/advanced_connector_routing": {
    "criteria": {
      "chest": "2024-10-08 21:43:43 +0000"
    },
    "done": true
  },
  "mcwbridges:recipes/oak_bridge_pier": {
    "criteria": {
      "has_planks": "2024-10-08 21:32:48 +0000"
    },
    "done": true
  },
  "mcwdoors:recipes/oak/oak_japanese_door": {
    "criteria": {
      "has_planks": "2024-10-08 21:38:22 +0000"
    },
    "done": true
  },
  "cfm:recipes/cfm/blue_cooler": {
    "criteria": {
      "has_chest": "2024-10-08 21:43:43 +0000"
    },
    "done": true
  },
  "mcwwindows:recipes/mosaic_pane/green_mosaic_glass_pane": {
    "criteria": {
      "has_mosaic_glass": "2024-10-08 21:31:38 +0000"
    },
    "done": true
  },
  "mcwdoors:recipes/oak/oak_beach_door": {
    "criteria": {
      "has_planks": "2024-10-08 21:38:22 +0000"
    },
    "done": true
  },
  "cfm:recipes/cfm/blue_kitchen_drawer": {
    "criteria": {
      "has_chest": "2024-10-08 21:43:43 +0000"
    },
    "done": true
  },
  "minecraft:recipes/building_blocks/light_blue_wool": {
    "criteria": {
      "has_white_wool": "2024-10-08 22:08:09 +0000"
    },
    "done": true
  },
  "minecraft:recipes/combat/wooden_sword": {
    "criteria": {
      "has_stick": "2024-10-08 21:35:58 +0000"
    },
    "done": true
  },
  "minecraft:recipes/building_blocks/oak_planks": {
    "criteria": {
      "has_logs": "2024-10-08 21:32:48 +0000"
    },
    "done": true
  },
  "comforts:sleeping_bag_purple_from_white": {
    "criteria": {
      "has_sleeping_bag": "2024-10-08 22:08:42 +0000"
    },
    "done": true
  },
  "create:recipes/create.base/crafting/kinetics/cyan_seat": {
    "criteria": {
      "has_wool": "2024-10-08 22:08:09 +0000"
    },
    "done": true
  },
  "xnet:recipes/xnet/connector_yellow_dye": {
    "criteria": {
      "chest": "2024-10-08 21:43:43 +0000"
    },
    "done": true
  },
  "minecraft:recipes/building_blocks/packed_ice_from_freezing": {
    "criteria": {
      "has_ice": "2024-10-08 21:31:39 +0000"
    },
    "done": true
  },
  "minecraft:recipes/building_blocks/ens_andesite": {
    "criteria": {
      "has_pebble": "2024-10-08 22:12:43 +0000"
    },
    "done": true
  },
  "cfm:recipes/cfm/stripped_oak_kitchen_counter": {
    "criteria": {
      "has_log": "2024-10-08 21:32:48 +0000"
    },
    "done": true
  },
  "exnihilosequentia:recipes/exnihilosequentia/ens_sieve": {
    "criteria": {
      "has_plank": "2024-10-08 21:38:22 +0000"
    },
    "done": true
  },
  "cfm:recipes/cfm/spruce_mail_box": {
    "criteria": {
      "has_chest": "2024-10-08 21:43:43 +0000"
    },
    "done": true
  },
  "comforts:sleeping_bag_orange_from_white": {
    "criteria": {
      "has_sleeping_bag": "2024-10-08 22:08:42 +0000"
    },
    "done": true
  },
  "mcwdoors:recipes/oak/oak_bark_glass_door": {
    "criteria": {
      "has_planks": "2024-10-08 21:32:48 +0000"
    },
    "done": true
  },
  "sophisticatedbackpacks:recipes/sophisticatedbackpacks/blasting_upgrade_from_smelting_upgrade": {
    "criteria": {
      "has_smelting_upgrade": "2024-10-08 21:31:38 +0000"
    },
    "done": true
  },
  "cfm:recipes/cfm/purple_kitchen_drawer": {
    "criteria": {
      "has_chest": "2024-10-08 21:43:43 +0000"
    },
    "done": true
  },
  "xnet:recipes/xnet/advanced_connector_yellow": {
    "criteria": {
      "chest": "2024-10-08 21:43:43 +0000"
    },
    "done": true
  },
  "minecraft:recipes/redstone/tripwire_hook": {
    "criteria": {
      "has_string": "2024-10-08 22:06:56 +0000"
    },
    "done": true
  },
  "storagedrawers:recipes/storagedrawers/birch_drawers": {
    "criteria": {
      "has_chest": "2024-10-08 21:43:43 +0000"
    },
    "done": true
  },
  "exnihilosequentia:recipes/exnihilosequentia/ens_crook_diorite": {
    "criteria": {
      "has_pebble": "2024-10-08 22:12:39 +0000"
    },
    "done": true
  },
  "comforts:sleeping_bag_brown_from_white": {
    "criteria": {
      "has_the_recipe": "2024-10-08 22:08:42 +0000",
      "has_sleeping_bag": "2024-10-08 22:08:42 +0000"
    },
    "done": true
  },
  "resourcefulbees:resourcefulbees/root": {
    "criteria": {
      "inventory_changed": "2024-10-08 21:31:38 +0000"
    },
    "done": true
  },
  "comforts:sleeping_bag_white": {
    "criteria": {
      "has_white_wool": "2024-10-08 22:08:09 +0000"
    },
    "done": true
  },
  "usefulbackpacks:recipes/filter_configurator": {
    "criteria": {
      "has_wool": "2024-10-08 22:08:09 +0000"
    },
    "done": true
  },
  "woot:recipes/woot/factory_upgrade": {
    "criteria": {
      "cobblestone": "2024-10-08 21:39:52 +0000"
    },
    "done": true
  },
  "cfm:recipes/cfm/orange_kitchen_drawer": {
    "criteria": {
      "has_chest": "2024-10-08 21:43:43 +0000"
    },
    "done": true
  },
  "minecraft:recipes/combat/crossbow": {
    "criteria": {
      "has_stick": "2024-10-08 21:35:58 +0000"
    },
    "done": true
  },
  "minecraft:recipes/building_blocks/yellow_wool": {
    "criteria": {
      "has_white_wool": "2024-10-08 22:08:09 +0000"
    },
    "done": true
  },
  "usefulrailroads:recipes/fuel/track_builder/coals": {
    "criteria": {
      "has_ingredient": "2024-10-08 22:04:34 +0000"
    },
    "done": true
  },
  "minecraft:recipes/decorations/oak_sign": {
    "criteria": {
      "has_oak_planks": "2024-10-08 21:38:22 +0000"
    },
    "done": true
  },
  "cfm:recipes/cfm/stripped_birch_mail_box": {
    "criteria": {
      "has_chest": "2024-10-08 21:43:43 +0000"
    },
    "done": true
  },
  "minecraft:recipes/redstone/oak_trapdoor": {
    "criteria": {
      "has_planks": "2024-10-08 21:38:22 +0000"
    },
    "done": true
  },
  "woot:recipes/woot/light_blue_dyecasing": {
    "criteria": {
      "cobblestone": "2024-10-08 21:39:52 +0000"
    },
    "done": true
  },
  "woot:recipes/woot/rate_2": {
    "criteria": {
      "cobblestone": "2024-10-08 21:39:52 +0000"
    },
    "done": true
  },
  "woot:recipes/woot/rate_3": {
    "criteria": {
      "cobblestone": "2024-10-08 21:39:52 +0000"
    },
    "done": true
  },
  "woot:recipes/woot/rate_1": {
    "criteria": {
      "cobblestone": "2024-10-08 21:39:52 +0000"
    },
    "done": true
  },
  "silentgear:root": {
    "criteria": {
      "get_item": "2024-10-08 21:38:25 +0000"
    },
    "done": true
  },
  "minecraft:recipes/decorations/light_blue_bed_from_white_bed": {
    "criteria": {
      "has_bed": "2024-10-08 22:08:09 +0000"
    },
    "done": true
  },
  "cfm:recipes/cfm/stripped_oak_desk": {
    "criteria": {
      "has_planks": "2024-10-08 21:32:48 +0000"
    },
    "done": true
  },
  "cfm:recipes/cfm/stripped_oak_mail_box": {
    "criteria": {
      "has_chest": "2024-10-08 21:43:43 +0000"
    },
    "done": true
  },
  "mcwtrpdoors:recipes/acacia/oak_bark_trapdoor": {
    "criteria": {
      "has_planks": "2024-10-08 21:32:48 +0000"
    },
    "done": true
  },
  "comforts:sleeping_bag_magenta_from_white": {
    "criteria": {
      "has_sleeping_bag": "2024-10-08 22:08:42 +0000"
    },
    "done": true
  },
  "woot:recipes/woot/factory_a": {
    "criteria": {
      "cobblestone": "2024-10-08 21:39:52 +0000"
    },
    "done": true
  },
  "mcwwindows:recipes/mosaic_pane/lime_mosaic_glass_pane": {
    "criteria": {
      "has_mosaic_glass": "2024-10-08 21:31:38 +0000"
    },
    "done": true
  },
  "minecraft:recipes/building_blocks/stone": {
    "criteria": {
      "has_cobblestone": "2024-10-08 21:39:52 +0000"
    },
    "done": true
  },
  "woot:recipes/woot/factory_b": {
    "criteria": {
      "cobblestone": "2024-10-08 21:39:52 +0000"
    },
    "done": true
  },
  "woot:recipes/woot/factory_c": {
    "criteria": {
      "cobblestone": "2024-10-08 21:39:52 +0000"
    },
    "done": true
  },
  "woot:recipes/woot/factory_d": {
    "criteria": {
      "cobblestone": "2024-10-08 21:39:52 +0000"
    },
    "done": true
  },
  "minecraft:adventure/adventuring_time": {
    "criteria": {
      "minecraft:jungle_edge": "2024-10-08 21:32:26 +0000",
      "minecraft:jungle": "2024-10-08 21:32:28 +0000",
      "minecraft:jungle_hills": "2024-10-08 21:31:39 +0000"
    },
    "done": false
  },
  "woot:recipes/woot/factory_e": {
    "criteria": {
      "cobblestone": "2024-10-08 21:39:52 +0000"
    },
    "done": true
  },
  "minecraft:recipes/decorations/purple_bed_from_white_bed": {
    "criteria": {
      "has_bed": "2024-10-08 22:08:09 +0000"
    },
    "done": true
  },
  "xnet:recipes/xnet/advanced_connector_red": {
    "criteria": {
      "chest": "2024-10-08 21:43:43 +0000"
    },
    "done": true
  },
  "comforts:sleeping_bag_gray_from_white": {
    "criteria": {
      "has_sleeping_bag": "2024-10-08 22:08:42 +0000"
    },
    "done": true
  },
  "ceramics:recipes/building_blocks/stone_slab_kiln": {
    "criteria": {
      "has_item": "2024-10-08 21:40:42 +0000"
    },
    "done": true
  },
  "minecraft:recipes/combat/stone_sword": {
    "criteria": {
      "has_cobblestone": "2024-10-08 21:39:52 +0000"
    },
    "done": true
  },
  "cfm:recipes/cfm/green_kitchen_drawer": {
    "criteria": {
      "has_chest": "2024-10-08 21:43:43 +0000"
    },
    "done": true
  },
  "minecraft:recipes/decorations/cobblestone_wall": {
    "criteria": {
      "has_cobblestone": "2024-10-08 21:39:52 +0000"
    },
    "done": true
  },
  "minecraft:recipes/decorations/barrel": {
    "criteria": {
      "has_planks": "2024-10-08 21:38:22 +0000"
    },
    "done": true
  },
  "cfm:recipes/cfm/stone_cabinet": {
    "criteria": {
      "has_planks": "2024-10-08 21:39:52 +0000"
    },
    "done": true
  },
  "minecraft:recipes/tools/stone_pickaxe": {
    "criteria": {
      "has_cobblestone": "2024-10-08 21:39:52 +0000"
    },
    "done": true
  },
  "cfm:recipes/cfm/oak_desk_cabinet": {
    "criteria": {
      "has_log": "2024-10-08 21:32:48 +0000"
    },
    "done": true
  },
  "minecraft:recipes/decorations/cobblestone_wall_from_cobblestone_stonecutting": {
    "criteria": {
      "has_cobblestone": "2024-10-08 21:39:52 +0000"
    },
    "done": true
  },
  "comforts:sleeping_bag_pink_from_white": {
    "criteria": {
      "has_sleeping_bag": "2024-10-08 22:08:42 +0000"
    },
    "done": true
  },
  "xnet:recipes/xnet/connector_green": {
    "criteria": {
      "chest": "2024-10-08 21:43:43 +0000"
    },
    "done": true
  },
  "cfm:recipes/cfm/light_gray_cooler": {
    "criteria": {
      "has_chest": "2024-10-08 21:43:43 +0000"
    },
    "done": true
  },
  "cfm:recipes/cfm/stripped_dark_oak_mail_box": {
    "criteria": {
      "has_chest": "2024-10-08 21:43:43 +0000"
    },
    "done": true
  },
  "comforts:sleeping_bag_yellow_from_white": {
    "criteria": {
      "has_sleeping_bag": "2024-10-08 22:08:42 +0000"
    },
    "done": true
  },
  "cfm:recipes/cfm/red_kitchen_drawer": {
    "criteria": {
      "has_chest": "2024-10-08 21:43:43 +0000"
    },
    "done": true
  },
  "cfm:recipes/cfm/light_blue_kitchen_drawer": {
    "criteria": {
      "has_chest": "2024-10-08 21:43:43 +0000"
    },
    "done": true
  },
  "mcwtrpdoors:recipes/oak/oak_beach_trapdoor": {
    "criteria": {
      "has_planks": "2024-10-08 21:32:48 +0000"
    },
    "done": true
  },
  "create:recipes/create.base/crafting/kinetics/white_seat": {
    "criteria": {
      "has_wool": "2024-10-08 22:08:09 +0000"
    },
    "done": true
  },
  "cfm:recipes/cfm/stripped_dark_oak_kitchen_drawer": {
    "criteria": {
      "has_chest": "2024-10-08 21:43:43 +0000"
    },
    "done": true
  },
  "mcwdoors:recipes/oak/oak_western_door": {
    "criteria": {
      "has_planks": "2024-10-08 21:38:22 +0000"
    },
    "done": true
  },
  "sophisticatedbackpacks:recipes/sophisticatedbackpacks/auto_blasting_upgrade": {
    "criteria": {
      "has_blasting_upgrade": "2024-10-08 21:31:38 +0000"
    },
    "done": true
  },
  "cfm:recipes/cfm/light_blue_cooler": {
    "criteria": {
      "has_chest": "2024-10-08 21:43:43 +0000"
    },
    "done": true
  },
  "woot:recipes/woot/green_dyecasing": {
    "criteria": {
      "cobblestone": "2024-10-08 21:39:52 +0000"
    },
    "done": true
  },
  "woot:recipes/woot/factory_ctr_base_pri": {
    "criteria": {
      "cobblestone": "2024-10-08 21:39:52 +0000"
    },
    "done": true
  },
  "cfm:recipes/cfm/stripped_acacia_mail_box": {
    "criteria": {
      "has_chest": "2024-10-08 21:43:43 +0000"
    },
    "done": true
  },
  "cfm:recipes/cfm/stripped_acacia_kitchen_drawer": {
    "criteria": {
      "has_chest": "2024-10-08 21:43:43 +0000"
    },
    "done": true
  },
  "cfm:recipes/cfm/purple_cooler": {
    "criteria": {
      "has_chest": "2024-10-08 21:43:43 +0000"
    },
    "done": true
  },
  "comforts:sleeping_bag_cyan_from_white": {
    "criteria": {
      "has_the_recipe": "2024-10-08 22:08:42 +0000",
      "has_sleeping_bag": "2024-10-08 22:08:42 +0000"
    },
    "done": true
  },
  "cfm:recipes/cfm/stripped_jungle_kitchen_drawer": {
    "criteria": {
      "has_chest": "2024-10-08 21:43:43 +0000"
    },
    "done": true
  },
  "cfm:recipes/cfm/birch_kitchen_drawer": {
    "criteria": {
      "has_chest": "2024-10-08 21:43:43 +0000"
    },
    "done": true
  },
  "cfm:recipes/cfm/stone_table": {
    "criteria": {
      "has_planks": "2024-10-08 21:39:52 +0000"
    },
    "done": true
  },
  "ironchest:recipes/ironchest/upgrades/wood_to_copper_chest_upgrade": {
    "criteria": {
      "has_item": "2024-10-08 21:38:22 +0000"
    },
    "done": true
  },
  "minecraft:recipes/building_blocks/light_gray_wool": {
    "criteria": {
      "has_white_wool": "2024-10-08 22:08:09 +0000"
    },
    "done": true
  },
  "minecraft:recipes/decorations/red_bed_from_white_bed": {
    "criteria": {
      "has_bed": "2024-10-08 22:08:09 +0000"
    },
    "done": true
  },
  "cfm:recipes/cfm/black_cooler": {
    "criteria": {
      "has_chest": "2024-10-08 21:43:43 +0000"
    },
    "done": true
  },
  "minecraft:recipes/building_blocks/red_wool": {
    "criteria": {
      "has_white_wool": "2024-10-08 22:08:09 +0000"
    },
    "done": true
  },
  "minecraft:recipes/tools/stone_axe": {
    "criteria": {
      "has_cobblestone": "2024-10-08 21:39:52 +0000"
    },
    "done": true
  },
  "xnet:recipes/xnet/connector_red_dye": {
    "criteria": {
      "chest": "2024-10-08 21:43:43 +0000"
    },
    "done": true
  },
  "exnihilosequentia:recipes/exnihilosequentia/ens_end_cake": {
    "criteria": {
      "has_ender_pearl": "2024-10-08 21:49:37 +0000"
    },
    "done": true
  },
  "minecraft:recipes/building_blocks/purple_wool": {
    "criteria": {
      "has_white_wool": "2024-10-08 22:08:09 +0000"
    },
    "done": true
  },
  "minecraft:recipes/building_blocks/cobblestone_stairs_from_cobblestone_stonecutting": {
    "criteria": {
      "has_cobblestone": "2024-10-08 21:39:52 +0000"
    },
    "done": true
  },
  "cfm:recipes/cfm/white_cooler": {
    "criteria": {
      "has_chest": "2024-10-08 21:43:43 +0000"
    },
    "done": true
  },
  "create:recipes/create.base/crafting/kinetics/blue_seat": {
    "criteria": {
      "has_wool": "2024-10-08 22:08:09 +0000"
    },
    "done": true
  },
  "mcwdoors:recipes/oak/oak_four_panel_door": {
    "criteria": {
      "has_planks": "2024-10-08 21:38:22 +0000"
    },
    "done": true
  },
  "woot:recipes/woot/si_dust_1": {
    "criteria": {
      "cobblestone": "2024-10-08 21:39:52 +0000"
    },
    "done": true
  },
  "woot:recipes/woot/si_dust_2": {
    "criteria": {
      "cobblestone": "2024-10-08 21:39:52 +0000"
    },
    "done": true
  },
  "xnet:recipes/xnet/connector_routing": {
    "criteria": {
      "chest": "2024-10-08 21:43:43 +0000"
    },
    "done": true
  },
  "comforts:sleeping_bag_lime_from_white": {
    "criteria": {
      "has_sleeping_bag": "2024-10-08 22:08:42 +0000"
    },
    "done": true
  },
  "woot:recipes/woot/mobshard": {
    "criteria": {
      "cobblestone": "2024-10-08 21:39:52 +0000"
    },
    "done": true
  },
  "xnet:recipes/xnet/advanced_connector_blue_dye": {
    "criteria": {
      "chest": "2024-10-08 21:43:43 +0000"
    },
    "done": true
  },
  "minecraft:recipes/decorations/white_bed": {
    "criteria": {
      "has_white_wool": "2024-10-08 22:08:09 +0000"
    },
    "done": true
  },
  "woot:recipes/woot/headless_3": {
    "criteria": {
      "cobblestone": "2024-10-08 21:39:52 +0000"
    },
    "done": true
  },
  "cfm:recipes/cfm/stripped_warped_mail_box": {
    "criteria": {
      "has_chest": "2024-10-08 21:43:43 +0000"
    },
    "done": true
  },
  "woot:recipes/woot/headless_2": {
    "criteria": {
      "cobblestone": "2024-10-08 21:39:52 +0000"
    },
    "done": true
  },
  "woot:recipes/woot/headless_1": {
    "criteria": {
      "cobblestone": "2024-10-08 21:39:52 +0000"
    },
    "done": true
  },
  "cfm:recipes/cfm/stone_desk_cabinet": {
    "criteria": {
      "has_planks": "2024-10-08 21:39:52 +0000"
    },
    "done": true
  },
  "mcwwindows:recipes/mosaic_pane/gray_mosaic_glass_pane": {
    "criteria": {
      "has_mosaic_glass": "2024-10-08 21:31:38 +0000"
    },
    "done": true
  },
  "woot:recipes/woot/hammer": {
    "criteria": {
      "cobblestone": "2024-10-08 21:39:52 +0000"
    },
    "done": true
  },
  "xnet:recipes/xnet/connector_red": {
    "criteria": {
      "chest": "2024-10-08 21:43:43 +0000"
    },
    "done": true
  },
  "minecraft:recipes/decorations/campfire": {
    "criteria": {
      "has_stick": "2024-10-08 21:35:58 +0000"
    },
    "done": true
  },
  "mcwwindows:recipes/planks/oak_plank_window": {
    "criteria": {
      "has_planks": "2024-10-08 21:38:22 +0000"
    },
    "done": true
  },
  "storagedrawers:recipes/storagedrawers/jungle_drawers": {
    "criteria": {
      "has_chest": "2024-10-08 21:43:43 +0000"
    },
    "done": true
  },
  "cfm:recipes/cfm/stone_coffee_table": {
    "criteria": {
      "has_planks": "2024-10-08 21:39:52 +0000"
    },
    "done": true
  },
  "mcwroofs:recipes/oak": {
    "criteria": {
      "has_planks": "2024-10-08 21:32:48 +0000"
    },
    "done": true
  },
  "minecraft:recipes/decorations/black_bed_from_white_bed": {
    "criteria": {
      "has_bed": "2024-10-08 22:08:09 +0000"
    },
    "done": true
  },
  "woodenhopper:recipes/redstone/wooden_hopper": {
    "criteria": {
      "has_chest": "2024-10-08 21:43:43 +0000"
    },
    "done": true
  },
  "ironchest:recipes/ironchest/chests/vanilla_dirt_chest": {
    "criteria": {
      "has_iron_ingot": "2024-10-08 21:33:18 +0000"
    },
    "done": true
  },
  "apotheosis:give_book": {
    "criteria": {
      "tick": "2024-10-08 21:31:39 +0000"
    },
    "done": true
  },
  "immersiveengineering:recipes/decorations/crafting/torch": {
    "criteria": {
      "has_stick": "2024-10-08 21:35:58 +0000"
    },
    "done": true
  },
  "silentgear:recipes/silentgear/stone_rod": {
    "criteria": {
      "has_item": "2024-10-08 21:39:52 +0000"
    },
    "done": true
  },
  "storagedrawers:recipes/storagedrawers/crimson_drawers": {
    "criteria": {
      "has_chest": "2024-10-08 21:43:43 +0000"
    },
    "done": true
  },
  "cfm:recipes/cfm/stripped_oak_chair": {
    "criteria": {
      "has_planks": "2024-10-08 21:32:48 +0000"
    },
    "done": true
  },
  "minecraft:recipes/building_blocks/ens_diorite": {
    "criteria": {
      "has_pebble": "2024-10-08 22:12:39 +0000"
    },
    "done": true
  },
  "mcwtrpdoors:recipes/oak/oak_barn_trapdoor": {
    "criteria": {
      "has_planks": "2024-10-08 21:32:48 +0000"
    },
    "done": true
  },
  "minecraft:recipes/building_blocks/cyan_wool": {
    "criteria": {
      "has_white_wool": "2024-10-08 22:08:09 +0000"
    },
    "done": true
  },
  "cfm:recipes/cfm/oak_crate": {
    "criteria": {
      "has_log": "2024-10-08 21:32:48 +0000"
    },
    "done": true
  },
  "exnihilosequentia:recipes/exnihilosequentia/ens_crook_stone": {
    "criteria": {
      "has_pebble": "2024-10-08 22:12:39 +0000"
    },
    "done": true
  },
  "minecraft:recipes/building_blocks/packed_ice": {
    "criteria": {
      "has_ice": "2024-10-08 21:31:39 +0000"
    },
    "done": true
  },
  "minecraft:recipes/transportation/spruce_boat": {
    "criteria": {
      "in_water": "2024-10-08 21:38:46 +0000"
    },
    "done": true
  },
  "cfm:recipes/cfm/stripped_oak_table": {
    "criteria": {
      "has_planks": "2024-10-08 21:32:48 +0000"
    },
    "done": true
  },
  "create:recipes/create.palettes/oak_window": {
    "criteria": {
      "has_ingredient": "2024-10-08 21:38:22 +0000"
    },
    "done": true
  },
  "minecraft:recipes/building_blocks/ens_blackstone": {
    "criteria": {
      "has_pebble": "2024-10-08 22:12:43 +0000"
    },
    "done": true
  },
  "storagedrawers:recipes/storagedrawers/warped_drawers": {
    "criteria": {
      "has_chest": "2024-10-08 21:43:43 +0000"
    },
    "done": true
  },
  "mcwdoors:recipes/oak/oak_stable_head_door": {
    "criteria": {
      "has_planks": "2024-10-08 21:38:22 +0000"
    },
    "done": true
  },
  "ceramics:recipes/building_blocks/stone_slab_smelting": {
    "criteria": {
      "has_item": "2024-10-08 21:40:42 +0000"
    },
    "done": true
  },
  "cfm:recipes/cfm/green_cooler": {
    "criteria": {
      "has_chest": "2024-10-08 21:43:43 +0000"
    },
    "done": true
  },
  "minecraft:recipes/building_blocks/gray_wool": {
    "criteria": {
      "has_white_wool": "2024-10-08 22:08:09 +0000"
    },
    "done": true
  },
  "silentgear:recipes/silentgear/upgrade_base": {
    "criteria": {
      "has_item": "2024-10-08 21:38:22 +0000"
    },
    "done": true
  },
  "cfm:recipes/cfm/oak_kitchen_counter": {
    "criteria": {
      "has_log": "2024-10-08 21:32:48 +0000"
    },
    "done": true
  },
  "mcwroofs:recipes/oak_planks": {
    "criteria": {
      "has_planks": "2024-10-08 21:38:22 +0000"
    },
    "done": true
  },
  "woot:recipes/woot/lime_dyecasing": {
    "criteria": {
      "cobblestone": "2024-10-08 21:39:52 +0000"
    },
    "done": true
  },
  "cfm:recipes/cfm/light_gray_kitchen_drawer": {
    "criteria": {
      "has_chest": "2024-10-08 21:43:43 +0000"
    },
    "done": true
  },
  "cfm:recipes/cfm/stripped_oak_kitchen_drawer": {
    "criteria": {
      "has_log": "2024-10-08 21:32:48 +0000"
    },
    "done": true
  },
  "mcwdoors:recipes/oak/oak_mystic_door": {
    "criteria": {
      "has_planks": "2024-10-08 21:38:22 +0000"
    },
    "done": true
  },
  "minecraft:husbandry/balanced_diet": {
    "criteria": {
      "apple": "2024-10-08 22:02:02 +0000"
    },
    "done": false
  },
  "cfm:recipes/cfm/stripped_spruce_mail_box": {
    "criteria": {
      "has_chest": "2024-10-08 21:43:43 +0000"
    },
    "done": true
  },
  "minecraft:recipes/tools/wooden_hoe": {
    "criteria": {
      "has_stick": "2024-10-08 21:35:58 +0000"
    },
    "done": true
  },
  "cfm:recipes/cfm/oak_blinds": {
    "criteria": {
      "has_log": "2024-10-08 21:32:48 +0000"
    },
    "done": true
  },
  "cfm:recipes/cfm/stone_desk": {
    "criteria": {
      "has_planks": "2024-10-08 21:39:52 +0000"
    },
    "done": true
  },
  "woot:recipes/woot/blue_dyecasing": {
    "criteria": {
      "cobblestone": "2024-10-08 21:39:52 +0000"
    },
    "done": true
  },
  "minecraft:recipes/building_blocks/cobblestone_stairs": {
    "criteria": {
      "has_cobblestone": "2024-10-08 21:39:52 +0000"
    },
    "done": true
  },
  "cfm:recipes/cfm/oak_kitchen_sink_dark": {
    "criteria": {
      "has_bottom": "2024-10-08 21:38:22 +0000"
    },
    "done": true
  },
  "minecraft:recipes/decorations/yellow_bed_from_white_bed": {
    "criteria": {
      "has_bed": "2024-10-08 22:08:09 +0000"
    },
    "done": true
  },
  "woot:recipes/woot/magenta_dyecasing": {
    "criteria": {
      "cobblestone": "2024-10-08 21:39:52 +0000"
    },
    "done": true
  },
  "woot:recipes/woot/pink_dyecasing": {
    "criteria": {
      "cobblestone": "2024-10-08 21:39:52 +0000"
    },
    "done": true
  },
  "mcwwindows:recipes/mosaic_pane/brown_mosaic_glass_pane": {
    "criteria": {
      "has_mosaic_glass": "2024-10-08 21:31:38 +0000"
    },
    "done": true
  },
  "constructionwand:recipes/tools/stone_wand": {
    "criteria": {
      "has_item": "2024-10-08 21:39:52 +0000"
    },
    "done": true
  },
  "minecraft:recipes/decorations/white_banner": {
    "criteria": {
      "has_white_wool": "2024-10-08 22:08:09 +0000"
    },
    "done": true
  },
  "create:recipes/create.base/crafting/kinetics/purple_seat": {
    "criteria": {
      "has_wool": "2024-10-08 22:08:09 +0000"
    },
    "done": true
  },
  "ceramics:recipes/ceramics/cracked_clay_bucket_kiln": {
    "criteria": {
      "has_item": "2024-10-08 21:31:39 +0000"
    },
    "done": true
  },
  "cfm:recipes/cfm/gray_cooler": {
    "criteria": {
      "has_chest": "2024-10-08 21:43:43 +0000"
    },
    "done": true
  },
  "cfm:recipes/cfm/cyan_cooler": {
    "criteria": {
      "has_chest": "2024-10-08 21:43:43 +0000"
    },
    "done": true
  },
  "exnihilosequentia:recipes/exnihilosequentia/ens_beehive_frame": {
    "criteria": {
      "has_stick": "2024-10-08 21:35:58 +0000"
    },
    "done": true
  },
  "minecraft:recipes/combat/bow": {
    "criteria": {
      "has_string": "2024-10-08 22:06:56 +0000"
    },
    "done": true
  },
  "minecraft:recipes/redstone/oak_fence_gate": {
    "criteria": {
      "has_planks": "2024-10-08 21:38:22 +0000"
    },
    "done": true
  },
  "cfm:recipes/cfm/white_sofa": {
    "criteria": {
      "has_wool": "2024-10-08 22:08:09 +0000"
    },
    "done": true
  },
  "exnihilosequentia:recipes/exnihilosequentia/ens_crucible_wood": {
    "criteria": {
      "has_logs": "2024-10-08 21:32:48 +0000"
    },
    "done": true
  },
  "minecraft:recipes/decorations/orange_bed_from_white_bed": {
    "criteria": {
      "has_bed": "2024-10-08 22:08:09 +0000"
    },
    "done": true
  },
  "cfm:recipes/cfm/dark_oak_mail_box": {
    "criteria": {
      "has_chest": "2024-10-08 21:43:43 +0000"
    },
    "done": true
  },
  "minecraft:story/mine_stone": {
    "criteria": {
      "get_stone": "2024-10-08 21:39:52 +0000"
    },
    "done": true
  },
  "minecraft:recipes/decorations/furnace": {
    "criteria": {
      "has_cobblestone": "2024-10-08 21:39:52 +0000"
    },
    "done": true
  },
  "minecraft:recipes/woot/ench_squeezer_1": {
    "criteria": {
      "cobblestone": "2024-10-08 21:39:52 +0000"
    },
    "done": true
  },
  "woot:recipes/woot/orange_dyecasing": {
    "criteria": {
      "cobblestone": "2024-10-08 21:39:52 +0000"
    },
    "done": true
  },
  "xnet:recipes/xnet/advanced_connector_green_dye": {
    "criteria": {
      "chest": "2024-10-08 21:43:43 +0000"
    },
    "done": true
  },
  "minecraft:recipes/misc/charcoal": {
    "criteria": {
      "has_log": "2024-10-08 21:32:48 +0000"
    },
    "done": true
  },
  "mcwtrpdoors:recipes/print_classic": {
    "criteria": {
      "has_planks": "2024-10-08 21:32:48 +0000"
    },
    "done": true
  },
  "minecraft:recipes/building_blocks/orange_wool": {
    "criteria": {
      "has_white_wool": "2024-10-08 22:08:09 +0000"
    },
    "done": true
  },
  "minecraft:recipes/tools/wooden_pickaxe": {
    "criteria": {
      "has_stick": "2024-10-08 21:35:58 +0000"
    },
    "done": true
  },
  "minecraft:husbandry/root": {
    "criteria": {
      "consumed_item": "2024-10-08 22:02:02 +0000"
    },
    "done": true
  },
  "minecraft:recipes/transportation/birch_boat": {
    "criteria": {
      "in_water": "2024-10-08 21:38:46 +0000"
    },
    "done": true
  },
  "woot:recipes/woot/cap_a": {
    "criteria": {
      "cobblestone": "2024-10-08 21:39:52 +0000"
    },
    "done": true
  },
  "woot:recipes/woot/cap_c": {
    "criteria": {
      "cobblestone": "2024-10-08 21:39:52 +0000"
    },
    "done": true
  },
  "woot:recipes/woot/cap_b": {
    "criteria": {
      "cobblestone": "2024-10-08 21:39:52 +0000"
    },
    "done": true
  },
  "woot:recipes/woot/cap_d": {
    "criteria": {
      "cobblestone": "2024-10-08 21:39:52 +0000"
    },
    "done": true
  },
  "woot:recipes/woot/black_dyecasing": {
    "criteria": {
      "cobblestone": "2024-10-08 21:39:52 +0000"
    },
    "done": true
  },
  "botania:recipes/botania/red_string_container": {
    "criteria": {
      "has_base_block": "2024-10-08 21:43:43 +0000"
    },
    "done": true
  },
  "minecraft:recipes/decorations/cyan_bed_from_white_bed": {
    "criteria": {
      "has_bed": "2024-10-08 22:08:09 +0000"
    },
    "done": true
  },
  "xnet:recipes/xnet/advanced_connector_green": {
    "criteria": {
      "chest": "2024-10-08 21:43:43 +0000"
    },
    "done": true
  },
  "mcwtrpdoors:recipes/oak/oak_barred_trapdoor": {
    "criteria": {
      "has_planks": "2024-10-08 21:32:48 +0000"
    },
    "done": true
  },
  "create:recipes/create.base/crafting/kinetics/brown_seat": {
    "criteria": {
      "has_wool": "2024-10-08 22:08:09 +0000"
    },
    "done": true
  },
  "cfm:recipes/cfm/black_kitchen_drawer": {
    "criteria": {
      "has_chest": "2024-10-08 21:43:43 +0000"
    },
    "done": true
  },
  "minecraft:recipes/decorations/lime_bed_from_white_bed": {
    "criteria": {
      "has_bed": "2024-10-08 22:08:09 +0000"
    },
    "done": true
  },
  "botania:recipes/botania/lexicon": {
    "criteria": {
      "has_item": "2024-10-08 21:32:38 +0000"
    },
    "done": true
  },
  "minecraft:recipes/tools/stone_hoe": {
    "criteria": {
      "has_cobblestone": "2024-10-08 21:39:52 +0000"
    },
    "done": true
  },
  "woot:recipes/woot/enchsqueezer": {
    "criteria": {
      "cobblestone": "2024-10-08 21:39:52 +0000"
    },
    "done": true
  },
  "mcwwindows:recipes/mosaic_pane/pink_mosaic_glass_pane": {
    "criteria": {
      "has_mosaic_glass": "2024-10-08 21:31:38 +0000"
    },
    "done": true
  },
  "cfm:recipes/cfm/oak_upgraded_gate": {
    "criteria": {
      "has_log": "2024-10-08 21:32:48 +0000"
    },
    "done": true
  },
  "minecraft:recipes/decorations/green_bed_from_white_bed": {
    "criteria": {
      "has_bed": "2024-10-08 22:08:09 +0000"
    },
    "done": true
  },
  "silentgear:recipes/silentgear/stone_torch": {
    "criteria": {
      "has_item": "2024-10-08 22:04:34 +0000"
    },
    "done": true
  },
  "cfm:recipes/cfm/crimson_mail_box": {
    "criteria": {
      "has_chest": "2024-10-08 21:43:43 +0000"
    },
    "done": true
  },
  "cfm:recipes/cfm/jungle_mail_box": {
    "criteria": {
      "has_chest": "2024-10-08 21:43:43 +0000"
    },
    "done": true
  },
  "exnihilosequentia:recipes/exnihilosequentia/ens_barrel_wood": {
    "criteria": {
      "has_walls": "2024-10-08 21:38:22 +0000"
    },
    "done": true
  },
  "exnihilosequentia:recipes/exnihilosequentia/ens_crook_andesite": {
    "criteria": {
      "has_pebble": "2024-10-08 22:12:43 +0000"
    },
    "done": true
  },
  "minecraft:recipes/decorations/white_carpet": {
    "criteria": {
      "has_white_wool": "2024-10-08 22:08:09 +0000"
    },
    "done": true
  },
  "woot:recipes/woot/xp_3": {
    "criteria": {
      "cobblestone": "2024-10-08 21:39:52 +0000"
    },
    "done": true
  },
  "woot:recipes/woot/xp_2": {
    "criteria": {
      "cobblestone": "2024-10-08 21:39:52 +0000"
    },
    "done": true
  },
  "woot:recipes/woot/xp_1": {
    "criteria": {
      "cobblestone": "2024-10-08 21:39:52 +0000"
    },
    "done": true
  },
  "mcwdoors:recipes/oak/oak_cottage_door": {
    "criteria": {
      "has_planks": "2024-10-08 21:38:22 +0000"
    },
    "done": true
  },
  "comforts:sleeping_bag_light_gray_from_white": {
    "criteria": {
      "has_sleeping_bag": "2024-10-08 22:08:42 +0000"
    },
    "done": true
  },
  "create:root": {
    "criteria": {
      "0": "2024-10-08 21:31:38 +0000"
    },
    "done": true
  },
  "exnihilosequentia:recipes/exnihilosequentia/ens_cooked_silkworm_from_smoker": {
    "criteria": {
      "has_silkworm": "2024-10-08 21:55:24 +0000"
    },
    "done": true
  },
  "cfm:recipes/cfm/warped_kitchen_drawer": {
    "criteria": {
      "has_chest": "2024-10-08 21:43:43 +0000"
    },
    "done": true
  },
  "minecraft:story/upgrade_tools": {
    "criteria": {
      "stone_pickaxe": "2024-10-08 21:45:08 +0000"
    },
    "done": true
  },
  "rftoolsbase:recipes/rftoolsbase/crafting_card": {
    "criteria": {
      "crafter": "2024-10-08 21:38:25 +0000"
    },
    "done": true
  },
  "exnihilosequentia:recipes/exnihilosequentia/ens_hammer_iron": {
    "criteria": {
      "has_stick": "2024-10-08 21:35:58 +0000"
    },
    "done": true
  },
  "silentgear:recipes/silentgear/rough_rod": {
    "criteria": {
      "has_item": "2024-10-08 21:35:58 +0000"
    },
    "done": true
  },
  "minecraft:recipes/transportation/oak_boat": {
    "criteria": {
      "in_water": "2024-10-08 21:38:46 +0000"
    },
    "done": true
  },
  "cfm:recipes/cfm/stripped_warped_kitchen_drawer": {
    "criteria": {
      "has_chest": "2024-10-08 21:43:43 +0000"
    },
    "done": true
  },
  "minecraft:recipes/decorations/blue_bed_from_white_bed": {
    "criteria": {
      "has_bed": "2024-10-08 22:08:09 +0000"
    },
    "done": true
  },
  "cfm:recipes/cfm/oak_park_bench": {
    "criteria": {
      "has_log": "2024-10-08 21:32:48 +0000"
    },
    "done": true
  },
  "woot:recipes/woot/cyan_dyecasing": {
    "criteria": {
      "cobblestone": "2024-10-08 21:39:52 +0000"
    },
    "done": true
  },
  "forbidden_arcanus:recipes/forbidden_arcanus/wooden_blacksmith_gavel": {
    "criteria": {
      "has_item": "2024-10-08 21:38:22 +0000"
    },
    "done": true
  },
  "cfm:recipes/cfm/lime_cooler": {
    "criteria": {
      "has_chest": "2024-10-08 21:43:43 +0000"
    },
    "done": true
  },
  "minecraft:recipes/tools/wooden_axe": {
    "criteria": {
      "has_stick": "2024-10-08 21:35:58 +0000"
    },
    "done": true
  },
  "minecraft:recipes/building_blocks/lime_wool": {
    "criteria": {
      "has_white_wool": "2024-10-08 22:08:09 +0000"
    },
    "done": true
  },
  "exnihilosequentia:recipes/exnihilosequentia/ens_hammer_gold": {
    "criteria": {
      "has_stick": "2024-10-08 21:35:58 +0000"
    },
    "done": true
  },
  "cfm:recipes/cfm/acacia_mail_box": {
    "criteria": {
      "has_chest": "2024-10-08 21:43:43 +0000"
    },
    "done": true
  },
  "mcwwindows:recipes/planks/oak_plank_window2": {
    "criteria": {
      "has_planks": "2024-10-08 21:38:22 +0000"
    },
    "done": true
  },
  "cfm:recipes/cfm/warped_mail_box": {
    "criteria": {
      "has_chest": "2024-10-08 21:43:43 +0000"
    },
    "done": true
  },
  "woot:recipes/woot/factory_ctr_base_sec": {
    "criteria": {
      "cobblestone": "2024-10-08 21:39:52 +0000"
    },
    "done": true
  },
  "cfm:recipes/cfm/stripped_crimson_mail_box": {
    "criteria": {
      "has_chest": "2024-10-08 21:43:43 +0000"
    },
    "done": true
  },
  "woot:recipes/woot/light_gray_dyecasing": {
    "criteria": {
      "cobblestone": "2024-10-08 21:39:52 +0000"
    },
    "done": true
  },
  "compactcrafting:recipes/compactcrafting/rescan_proxy": {
    "criteria": {
      "got_crafting_table": "2024-10-08 21:38:25 +0000"
    },
    "done": true
  },
  "minecraft:recipes/decorations/loom": {
    "criteria": {
      "has_string": "2024-10-08 22:06:56 +0000"
    },
    "done": true
  },
  "minecraft:recipes/building_blocks/green_wool": {
    "criteria": {
      "has_white_wool": "2024-10-08 22:08:09 +0000"
    },
    "done": true
  },
  "comforts:sleeping_bag_black_from_white": {
    "criteria": {
      "has_sleeping_bag": "2024-10-08 22:08:42 +0000"
    },
    "done": true
  },
  "minecraft:recipes/woot/fluid_conv_1": {
    "criteria": {
      "cobblestone": "2024-10-08 21:39:52 +0000"
    },
    "done": true
  },
  "mcwwindows:recipes/mosaic_pane/cyan_mosaic_glass_pane": {
    "criteria": {
      "has_mosaic_glass": "2024-10-08 21:31:38 +0000"
    },
    "done": true
  },
  "mcwwindows:recipes/windows/oak_window2": {
    "criteria": {
      "has_planks": "2024-10-08 21:32:48 +0000"
    },
    "done": true
  },
  "mcwbridges:recipes/oak_log_bridge_middle": {
    "criteria": {
      "has_planks": "2024-10-08 21:38:22 +0000"
    },
    "done": true
  },
  "woot:recipes/woot/tier_shard_2": {
    "criteria": {
      "cobblestone": "2024-10-08 21:39:52 +0000"
    },
    "done": true
  },
  "woot:recipes/woot/tier_shard_1": {
    "criteria": {
      "cobblestone": "2024-10-08 21:39:52 +0000"
    },
    "done": true
  },
  "minecraft:recipes/building_blocks/brown_wool": {
    "criteria": {
      "has_white_wool": "2024-10-08 22:08:09 +0000"
    },
    "done": true
  },
  "create:recipes/create.base/crafting/kinetics/light_blue_seat": {
    "criteria": {
      "has_wool": "2024-10-08 22:08:09 +0000"
    },
    "done": true
  },
  "cfm:recipes/cfm/stripped_birch_kitchen_drawer": {
    "criteria": {
      "has_chest": "2024-10-08 21:43:43 +0000"
    },
    "done": true
  },
  "ceramics:recipes/building_blocks/stone_kiln": {
    "criteria": {
      "has_item": "2024-10-08 21:39:52 +0000"
    },
    "done": true
  },
  "minecraft:recipes/decorations/painting": {
    "criteria": {
      "has_wool": "2024-10-08 22:08:09 +0000"
    },
    "done": true
  },
  "cfm:recipes/cfm/stripped_jungle_mail_box": {
    "criteria": {
      "has_chest": "2024-10-08 21:43:43 +0000"
    },
    "done": true
  },
  "mcwroofs:recipes/cobblestone": {
    "criteria": {
      "has_planks": "2024-10-08 21:39:52 +0000"
    },
    "done": true
  },
  "mcwwindows:recipes/mosaic_pane/blue_mosaic_glass_pane": {
    "criteria": {
      "has_mosaic_glass": "2024-10-08 21:31:38 +0000"
    },
    "done": true
  },
  "woot:recipes/woot/looting_1": {
    "criteria": {
      "cobblestone": "2024-10-08 21:39:52 +0000"
    },
    "done": true
  },
  "create:recipes/create.base/crafting/kinetics/orange_seat": {
    "criteria": {
      "has_wool": "2024-10-08 22:08:09 +0000"
    },
    "done": true
  },
  "mcwtrpdoors:recipes/oak/oak_four_panel_trapdoor": {
    "criteria": {
      "has_planks": "2024-10-08 21:32:48 +0000"
    },
    "done": true
  },
  "mcwdoors:recipes/oak/oak_stable_door": {
    "criteria": {
      "has_planks": "2024-10-08 21:38:22 +0000"
    },
    "done": true
  },
  "create:recipes/create.base/crafting/kinetics/gray_seat": {
    "criteria": {
      "has_wool": "2024-10-08 22:08:09 +0000"
    },
    "done": true
  },
  "cfm:recipes/cfm/stripped_oak_bedside_cabinet": {
    "criteria": {
      "has_planks": "2024-10-08 21:32:48 +0000"
    },
    "done": true
  },
  "woot:recipes/woot/factory_connect": {
    "criteria": {
      "cobblestone": "2024-10-08 21:39:52 +0000"
    },
    "done": true
  },
  "create:recipes/create.base/crafting/kinetics/magenta_seat": {
    "criteria": {
      "has_wool": "2024-10-08 22:08:09 +0000"
    },
    "done": true
  },
  "woot:recipes/woot/looting_2": {
    "criteria": {
      "cobblestone": "2024-10-08 21:39:52 +0000"
    },
    "done": true
  },
  "woot:recipes/woot/looting_3": {
    "criteria": {
      "cobblestone": "2024-10-08 21:39:52 +0000"
    },
    "done": true
  },
  "storagedrawers:recipes/storagedrawers/spruce_drawers": {
    "criteria": {
      "has_chest": "2024-10-08 21:43:43 +0000"
    },
    "done": true
  },
  "mcwwindows:recipes/strip/stripped_oak_log_window": {
    "criteria": {
      "has_planks": "2024-10-08 21:32:48 +0000"
    },
    "done": true
  },
  "minecraft:recipes/tools/stone_shovel": {
    "criteria": {
      "has_cobblestone": "2024-10-08 21:39:52 +0000"
    },
    "done": true
  },
  "trashcans:recipes/search/item_trash_can": {
    "criteria": {
      "chest": "2024-10-08 21:43:43 +0000"
    },
    "done": true
  },
  "tombstone:adventure/root": {
    "criteria": {
      "auto": "2024-10-08 21:31:39 +0000"
    },
    "done": true
  },
  "woot:recipes/woot/export": {
    "criteria": {
      "cobblestone": "2024-10-08 21:39:52 +0000"
    },
    "done": true
  },
  "cfm:recipes/cfm/oak_mail_box": {
    "criteria": {
      "has_chest": "2024-10-08 21:43:43 +0000"
    },
    "done": true
  },
  "cfm:recipes/cfm/white_kitchen_drawer": {
    "criteria": {
      "has_chest": "2024-10-08 21:43:43 +0000"
    },
    "done": true
  },
  "cfm:recipes/cfm/oak_table": {
    "criteria": {
      "has_log": "2024-10-08 21:32:48 +0000"
    },
    "done": true
  },
  "mcwwindows:recipes/mosaic_pane/red_mosaic_glass_pane": {
    "criteria": {
      "has_mosaic_glass": "2024-10-08 21:31:38 +0000"
    },
    "done": true
  },
  "comforts:sleeping_bag_blue_from_white": {
    "criteria": {
      "has_sleeping_bag": "2024-10-08 22:08:42 +0000"
    },
    "done": true
  },
  "minecraft:recipes/building_blocks/ens_granite": {
    "criteria": {
      "has_pebble": "2024-10-08 22:12:51 +0000"
    },
    "done": true
  },
  "minecraft:recipes/redstone/oak_pressure_plate": {
    "criteria": {
      "has_planks": "2024-10-08 21:38:22 +0000"
    },
    "done": true
  },
  "cfm:recipes/cfm/oak_desk": {
    "criteria": {
      "has_log": "2024-10-08 21:32:48 +0000"
    },
    "done": true
  },
  "mcwbridges:recipes/rope_oak_bridge": {
    "criteria": {
      "has_planks": "2024-10-08 21:38:22 +0000"
    },
    "done": true
  },
  "woot:recipes/woot/tier_shard_3": {
    "criteria": {
      "cobblestone": "2024-10-08 21:39:52 +0000"
    },
    "done": true
  },
  "mcwwindows:recipes/mosaic_pane/yellow_mosaic_glass_pane": {
    "criteria": {
      "has_mosaic_glass": "2024-10-08 21:31:38 +0000"
    },
    "done": true
  },
  "minecraft:recipes/building_blocks/oak_wood": {
    "criteria": {
      "has_log": "2024-10-08 21:32:48 +0000"
    },
    "done": true
  },
  "minecraft:story/root": {
    "criteria": {
      "crafting_table": "2024-10-08 21:38:25 +0000"
    },
    "done": true
  },
  "exnihilosequentia:recipes/exnihilosequentia/ens_hammer_diamond": {
    "criteria": {
      "has_stick": "2024-10-08 21:35:58 +0000"
    },
    "done": true
  },
  "sophisticatedbackpacks:recipes/sophisticatedbackpacks/smoking_upgrade": {
    "criteria": {
      "has_upgrade_base": "2024-10-08 21:31:38 +0000"
    },
    "done": true
  },
  "cfm:recipes/cfm/magenta_cooler": {
    "criteria": {
      "has_chest": "2024-10-08 21:43:43 +0000"
    },
    "done": true
  },
  "xnet:recipes/xnet/netcable_red_dye": {
    "criteria": {
      "chest": "2024-10-08 21:43:43 +0000"
    },
    "done": true
  },
  "mcwwindows:recipes/parapet/oak_log_parapet": {
    "criteria": {
      "has_planks": "2024-10-08 21:32:48 +0000"
    },
    "done": true
  },
  "exnihilosequentia:recipes/exnihilosequentia/ens_crook_granite": {
    "criteria": {
      "has_pebble": "2024-10-08 22:12:51 +0000"
    },
    "done": true
  },
  "cfm:recipes/cfm/orange_cooler": {
    "criteria": {
      "has_chest": "2024-10-08 21:43:43 +0000"
    },
    "done": true
  },
  "xnet:recipes/xnet/connector_blue": {
    "criteria": {
      "chest": "2024-10-08 21:43:43 +0000"
    },
    "done": true
  },
  "comforts:sleeping_bag_red_from_white": {
    "criteria": {
      "has_sleeping_bag": "2024-10-08 22:08:42 +0000"
    },
    "done": true
  },
  "advancedperipherals:recipes/advancedperipheralstab/ar_goggles": {
    "criteria": {
      "has_item": "2024-10-08 21:35:58 +0000"
    },
    "done": true
  },
  "mcwwindows:recipes/blinds/oak_blinds": {
    "criteria": {
      "has_planks": "2024-10-08 21:38:22 +0000"
    },
    "done": true
  },
  "create:recipes/create.base/crafting/appliances/crafting_blueprint": {
    "criteria": {
      "has_item": "2024-10-08 21:38:25 +0000"
    },
    "done": true
  },
  "minecraft:recipes/redstone/oak_button": {
    "criteria": {
      "has_planks": "2024-10-08 21:38:22 +0000"
    },
    "done": true
  },
  "mcwtrpdoors:recipes/oak/oak_glass_trapdoor": {
    "criteria": {
      "has_planks": "2024-10-08 21:32:48 +0000"
    },
    "done": true
  },
  "cfm:recipes/cfm/acacia_kitchen_drawer": {
    "criteria": {
      "has_chest": "2024-10-08 21:43:43 +0000"
    },
    "done": true
  },
  "cfm:recipes/cfm/oak_cabinet": {
    "criteria": {
      "has_log": "2024-10-08 21:32:48 +0000"
    },
    "done": true
  },
  "mcwwindows:recipes/mosaic_pane/light_blue_mosaic_glass_pane": {
    "criteria": {
      "has_mosaic_glass": "2024-10-08 21:31:38 +0000"
    },
    "done": true
  },
  "mcwwindows:recipes/windows/oak_window": {
    "criteria": {
      "has_planks": "2024-10-08 21:32:48 +0000"
    },
    "done": true
  },
  "cfm:recipes/cfm/jungle_kitchen_drawer": {
    "criteria": {
      "has_chest": "2024-10-08 21:43:43 +0000"
    },
    "done": true
  },
  "storagedrawers:recipes/storagedrawers/acacia_drawers": {
    "criteria": {
      "has_chest": "2024-10-08 21:43:43 +0000"
    },
    "done": true
  },
  "mcwdoors:recipes/oak/oak_nether_door": {
    "criteria": {
      "has_planks": "2024-10-08 21:38:22 +0000"
    },
    "done": true
  },
  "minecraft:recipes/decorations/composter": {
    "criteria": {
      "has_wood_slab": "2024-10-08 21:38:30 +0000"
    },
    "done": true
  },
  "mcwbridges:recipes/oak_rail_bridge": {
    "criteria": {
      "has_planks": "2024-10-08 21:38:22 +0000"
    },
    "done": true
  },
  "usefulrailroads:recipes/fuel/teleport_rail/ender_pearl": {
    "criteria": {
      "has_ingredient": "2024-10-08 21:49:37 +0000"
    },
    "done": true
  },
  "mcwwindows:recipes/strip/stripped_oak_log_window2": {
    "criteria": {
      "has_planks": "2024-10-08 21:32:48 +0000"
    },
    "done": true
  },
  "storagedrawers:recipes/storagedrawers/oak_trim": {
    "criteria": {
      "has_planks": "2024-10-08 21:38:22 +0000"
    },
    "done": true
  },
  "cfm:recipes/cfm/birch_mail_box": {
    "criteria": {
      "has_chest": "2024-10-08 21:43:43 +0000"
    },
    "done": true
  },
  "cfm:recipes/cfm/stripped_crimson_kitchen_drawer": {
    "criteria": {
      "has_chest": "2024-10-08 21:43:43 +0000"
    },
    "done": true
  },
  "minecraft:recipes/woot/infuser_1": {
    "criteria": {
      "cobblestone": "2024-10-08 21:39:52 +0000"
    },
    "done": true
  },
  "mcwdoors:recipes/oak/oak_modern_door": {
    "criteria": {
      "has_planks": "2024-10-08 21:38:22 +0000"
    },
    "done": true
  },
  "minecraft:recipes/redstone/oak_door": {
    "criteria": {
      "has_planks": "2024-10-08 21:38:22 +0000"
    },
    "done": true
  },
  "mcwdoors:recipes/oak/oak_paper_door": {
    "criteria": {
      "has_planks": "2024-10-08 21:38:22 +0000"
    },
    "done": true
  },
  "minecraft:recipes/transportation/jungle_boat": {
    "criteria": {
      "in_water": "2024-10-08 21:38:46 +0000"
    },
    "done": true
  },
  "create:recipes/create.base/crafting/kinetics/green_seat": {
    "criteria": {
      "has_wool": "2024-10-08 22:08:09 +0000"
    },
    "done": true
  },
  "tconstruct:recipes/tconstruct/general/tables/pattern": {
    "criteria": {
      "has_item": "2024-10-08 21:35:58 +0000"
    },
    "done": true
  },
  "mcwdoors:recipes/oak/oak_barn_door": {
    "criteria": {
      "has_planks": "2024-10-08 21:38:22 +0000"
    },
    "done": true
  },
  "xnet:recipes/xnet/connector_upgrade": {
    "criteria": {
      "pearl": "2024-10-08 21:49:37 +0000"
    },
    "done": true
  },
  "minecraft:recipes/transportation/dark_oak_boat": {
    "criteria": {
      "in_water": "2024-10-08 21:38:46 +0000"
    },
    "done": true
  },
  "minecraft:recipes/building_blocks/pink_wool": {
    "criteria": {
      "has_white_wool": "2024-10-08 22:08:09 +0000"
    },
    "done": true
  },
  "sophisticatedbackpacks:recipes/sophisticatedbackpacks/auto_smoking_upgrade_from_auto_smelting_upgrade": {
    "criteria": {
      "has_auto_smelting_upgrade": "2024-10-08 21:31:38 +0000"
    },
    "done": true
  },
  "usefulbackpacks:recipes/backpack_small": {
    "criteria": {
      "has_wool": "2024-10-08 22:08:09 +0000"
    },
    "done": true
  },
  "minecraft:recipes/decorations/brown_bed_from_white_bed": {
    "criteria": {
      "has_bed": "2024-10-08 22:08:09 +0000"
    },
    "done": true
  },
  "create:recipes/create.base/crafting/kinetics/pink_seat": {
    "criteria": {
      "has_wool": "2024-10-08 22:08:09 +0000"
    },
    "done": true
  },
  "cfm:recipes/cfm/yellow_kitchen_drawer": {
    "criteria": {
      "has_chest": "2024-10-08 21:43:43 +0000"
    },
    "done": true
  },
  "cfm:recipes/cfm/stone_chair": {
    "criteria": {
      "has_planks": "2024-10-08 21:39:52 +0000"
    },
    "done": true
  },
  "cfm:recipes/cfm/stone_bedside_cabinet": {
    "criteria": {
      "has_planks": "2024-10-08 21:39:52 +0000"
    },
    "done": true
  },
  "minecraft:recipes/woot/squeezer_1": {
    "criteria": {
      "cobblestone": "2024-10-08 21:39:52 +0000"
    },
    "done": true
  },
  "cfm:recipes/cfm/oak_upgraded_fence": {
    "criteria": {
      "has_log": "2024-10-08 21:32:48 +0000"
    },
    "done": true
  },
  "xnet:recipes/xnet/connector_yellow": {
    "criteria": {
      "chest": "2024-10-08 21:43:43 +0000"
    },
    "done": true
  },
  "mcwdoors:recipes/oak/oak_tropical_door": {
    "criteria": {
      "has_planks": "2024-10-08 21:38:22 +0000"
    },
    "done": true
  },
  "woot:recipes/woot/yellow_dyecasing": {
    "criteria": {
      "cobblestone": "2024-10-08 21:39:52 +0000"
    },
    "done": true
  },
  "mcwtrpdoors:recipes/oak/oak_paper_trapdoor": {
    "criteria": {
      "has_planks": "2024-10-08 21:32:48 +0000"
    },
    "done": true
  },
  "mcwroofs:recipes/awning": {
    "criteria": {
      "has_planks": "2024-10-08 22:08:09 +0000"
    },
    "done": true
  },
  "mcwdoors:recipes/oak/oak_japanese2_door": {
    "criteria": {
      "has_planks": "2024-10-08 21:38:22 +0000"
    },
    "done": true
  },
  "minecraft:recipes/decorations/soul_campfire": {
    "criteria": {
      "has_stick": "2024-10-08 21:35:58 +0000"
    },
    "done": true
  },
  "mcwtrpdoors:recipes/oak/oak_tropical_trapdoor": {
    "criteria": {
      "has_planks": "2024-10-08 21:32:48 +0000"
    },
    "done": true
  },
  "mcwwindows:recipes/mosaic_pane/black_mosaic_glass_pane": {
    "criteria": {
      "has_mosaic_glass": "2024-10-08 21:31:38 +0000"
    },
    "done": true
  },
  "create:recipes/create.base/crafting/kinetics/light_gray_seat": {
    "criteria": {
      "has_wool": "2024-10-08 22:08:09 +0000"
    },
    "done": true
  },
  "minecraft:recipes/decorations/light_gray_bed_from_white_bed": {
    "criteria": {
      "has_bed": "2024-10-08 22:08:09 +0000"
    },
    "done": true
  },
  "cfm:recipes/cfm/oak_kitchen_sink_light": {
    "criteria": {
      "has_bottom": "2024-10-08 21:38:22 +0000"
    },
    "done": true
  },
  "mcwtrpdoors:recipes/oak/oak_mystic_trapdoor": {
    "criteria": {
      "has_planks": "2024-10-08 21:32:48 +0000"
    },
    "done": true
  },
  "woot:recipes/woot/white_dyecasing": {
    "criteria": {
      "cobblestone": "2024-10-08 21:39:52 +0000"
    },
    "done": true
  },
  "cfm:recipes/cfm/oak_coffee_table": {
    "criteria": {
      "has_log": "2024-10-08 21:32:48 +0000"
    },
    "done": true
  },
  "cfm:recipes/cfm/fridge_light": {
    "criteria": {
      "has_chest": "2024-10-08 21:43:43 +0000"
    },
    "done": true
  },
  "DataVersion": 2586
}